PM2.5,PM10,NO2,SO2,CO,Temperature,Humidity,AQI
187.27,274.04,134.54,59.93,6.48,29.0,88.52,239.73
475.36,600.0,159.34,51.37,1.72,39.15,59.4,500.0
366.0,409.17,50.09,28.82,8.72,14.38,74.37,393.17
299.33,400.76,124.97,0.65,6.13,14.54,52.7,342.08
78.01,106.57,114.35,49.62,1.57,29.49,67.25,167.04
78.0,107.57,166.57,28.56,9.62,43.12,45.54,157.53
29.04,43.74,181.22,73.46,5.18,24.52,42.59,112.85
433.09,600.0,2.43,2.39,0.73,21.44,63.37,500.0
300.56,458.51,134.8,58.48,6.27,31.23,57.36,342.98
354.04,579.0,10.37,94.15,2.53,42.57,63.47,477.54
10.29,17.18,109.77,17.44,8.04,39.29,41.5,102.37
484.95,600.0,57.53,47.16,8.18,44.84,47.52,497.96
416.22,600.0,61.36,9.14,9.79,10.79,26.29,495.28
106.17,118.14,70.59,62.57,5.02,13.95,23.92,178.42
90.91,112.46,124.26,55.05,4.55,31.33,39.01,171.15
91.7,101.36,66.81,40.74,7.53,38.72,25.57,174.78
152.12,236.28,146.54,52.14,1.32,19.98,27.78,201.84
262.38,453.55,80.91,89.66,5.47,18.37,80.97,338.14
215.97,274.38,13.67,19.63,5.46,37.54,22.92,269.99
145.61,254.67,156.75,2.26,0.89,11.97,69.42,198.46
305.93,349.43,57.15,86.17,4.18,22.93,40.44,343.47
69.75,122.34,86.55,57.71,8.53,27.7,85.37,164.88
146.07,196.63,137.09,89.07,8.56,29.61,56.37,202.73
183.18,214.5,66.49,59.69,0.99,35.5,42.92,233.05
228.03,328.4,11.32,81.02,0.91,22.42,58.82,276.53
392.59,502.41,74.78,42.97,2.63,31.44,48.65,415.51
99.84,129.73,188.89,74.99,8.75,30.49,62.32,178.03
257.12,338.14,128.35,91.3,1.29,29.17,28.59,306.76
296.21,492.33,134.3,57.21,7.2,32.42,94.77,379.6
23.23,34.31,126.46,18.08,1.01,19.08,51.92,109.9
303.77,400.35,39.8,26.88,6.23,12.96,46.12,339.69
85.26,130.22,83.67,19.86,3.56,14.17,73.27,166.41
32.53,52.08,150.19,24.69,7.89,17.86,47.29,106.71
474.44,600.0,20.27,30.64,2.34,27.51,82.5,500.0
482.82,600.0,55.57,55.51,6.39,39.42,54.07,500.0
404.2,479.1,55.26,58.8,2.36,34.55,73.97,425.29
152.31,186.85,86.4,42.65,7.14,37.62,28.06,204.65
48.84,77.0,196.07,61.54,8.74,22.28,83.46,138.7
342.12,419.78,13.5,8.16,1.27,24.16,75.18,376.0
220.08,322.99,103.74,8.78,8.67,23.78,35.88,270.46
61.02,97.41,35.87,17.18,5.94,16.72,30.9,148.63
247.59,290.87,194.14,51.81,1.27,12.14,43.72,293.43
17.19,25.74,22.66,21.4,4.28,30.68,93.21,61.86
454.66,581.78,80.72,28.33,1.61,44.62,39.26,477.84
129.39,229.54,147.58,40.03,7.0,15.84,54.21,192.72
331.26,476.51,140.91,81.19,7.59,11.63,22.25,364.74
155.86,259.37,84.55,1.39,1.06,37.28,49.79,208.29
260.03,386.19,69.3,64.94,5.06,18.84,62.85,313.12
273.36,309.0,79.52,66.89,8.15,39.04,91.48,325.08
92.43,142.63,52.86,79.87,9.36,34.64,58.76,171.78
484.79,600.0,41.07,93.28,5.14,43.1,81.43,500.0
387.57,589.54,96.61,2.01,9.5,24.31,61.03,488.79
469.75,600.0,53.71,15.38,5.36,33.17,23.06,497.99
447.41,600.0,57.49,88.62,3.94,26.27,43.63,500.0
298.95,376.57,131.35,45.85,8.48,32.07,63.17,342.4
460.94,575.45,193.71,56.46,4.93,25.74,91.29,478.1
44.25,67.59,120.73,66.3,4.72,16.6,84.43,127.3
97.99,135.98,15.4,67.91,4.9,27.78,37.13,173.04
22.61,38.17,15.12,93.17,8.47,28.5,36.51,105.47
162.67,281.41,190.28,99.69,8.32,38.37,35.09,210.19
194.34,261.85,59.46,72.02,4.04,35.74,89.19,250.35
135.67,171.74,18.41,28.72,3.33,33.23,83.95,196.6
414.37,600.0,119.81,87.98,4.92,13.97,78.12,500.0
178.38,230.53,124.73,4.92,5.73,35.22,49.46,230.06
140.47,235.4,129.7,23.11,2.38,27.51,57.83,202.49
271.35,378.97,53.48,89.74,7.94,41.29,54.82,317.23
70.46,110.43,3.02,25.62,4.86,42.2,39.0,155.23
401.1,468.03,193.0,22.07,3.34,11.93,57.88,420.77
37.28,57.28,50.18,13.81,1.07,38.72,22.29,103.72
493.44,600.0,135.21,85.91,2.39,11.32,29.89,496.73
386.12,583.29,141.33,50.01,9.49,22.85,86.49,485.78
99.36,120.98,122.0,67.49,3.05,28.98,76.38,180.09
2.76,4.46,62.58,23.91,1.69,15.18,51.72,55.07
407.73,600.0,54.22,75.8,4.61,36.12,58.79,500.0
353.43,442.39,119.53,76.0,3.07,10.29,47.75,381.74
364.5,425.38,173.22,31.26,0.35,15.9,75.56,395.05
385.64,430.58,189.35,41.07,3.23,30.33,78.81,417.95
37.02,57.36,21.18,20.97,5.44,35.0,77.25,111.36
179.23,273.32,30.97,97.66,5.52,42.08,74.2,234.31
57.93,85.9,188.95,64.56,3.57,34.69,35.34,150.02
431.55,544.77,147.31,93.45,4.47,33.51,45.35,444.81
311.65,428.09,176.6,30.34,9.66,23.8,55.24,348.63
165.45,250.84,40.53,78.19,3.77,10.04,44.81,214.69
31.78,46.01,117.52,76.59,2.58,14.21,76.62,105.81
155.49,278.55,140.23,69.17,2.43,28.71,44.7,202.66
162.59,194.38,136.02,96.56,4.58,33.63,30.37,211.22
364.8,578.8,81.63,39.36,7.6,24.61,49.93,478.02
318.78,440.88,3.08,13.07,2.06,35.57,93.49,362.27
443.61,600.0,116.59,67.17,7.09,28.27,36.94,500.0
236.11,378.32,50.62,72.93,0.21,12.6,65.91,286.52
59.8,94.76,90.05,57.51,4.19,16.72,52.47,156.29
356.62,600.0,191.52,20.68,7.76,39.4,25.33,500.0
380.39,452.62,79.81,50.45,3.39,35.37,56.59,405.85
280.64,329.15,167.96,31.22,5.64,41.32,72.66,327.46
385.48,600.0,37.71,42.75,2.05,14.11,58.49,499.84
246.9,371.55,134.49,64.52,7.42,44.66,85.41,296.92
261.37,337.66,195.4,74.52,0.52,17.33,41.67,307.22
213.77,247.03,20.38,23.22,8.53,10.41,26.47,258.64
12.71,14.74,1.66,40.53,1.98,44.91,90.24,60.29
53.95,93.11,86.72,26.92,8.74,19.84,48.36,143.16
15.71,19.4,18.53,19.86,3.53,33.38,63.23,63.21
318.21,422.05,149.68,78.34,7.23,16.18,79.4,357.2
157.18,197.83,182.91,90.93,3.19,30.31,44.32,208.1
254.29,342.9,86.8,37.02,9.06,41.64,73.71,309.65
453.78,521.21,51.74,75.13,1.27,21.21,30.16,460.82
124.65,182.4,86.88,89.7,1.79,33.46,41.85,190.26
205.19,235.42,144.69,84.61,4.93,16.58,30.85,252.33
377.78,600.0,1.81,18.28,0.82,31.87,80.84,500.0
114.4,144.55,117.89,95.63,1.96,21.78,36.7,183.67
38.49,56.89,122.66,37.67,9.44,17.39,73.81,110.53
144.88,248.61,127.54,33.92,9.76,20.96,90.75,199.14
80.61,125.4,48.4,6.24,3.76,16.26,59.58,160.48
464.85,600.0,142.81,48.62,9.23,41.57,60.5,500.0
404.06,536.2,18.28,10.9,5.45,23.9,54.58,427.45
316.7,422.2,39.85,24.85,2.7,18.58,44.44,356.22
435.73,600.0,175.49,31.69,7.02,25.69,55.67,499.81
401.84,600.0,147.74,80.88,6.59,21.22,65.21,498.86
93.29,145.83,2.75,87.55,9.89,36.05,93.95,178.8
446.28,600.0,49.68,30.25,2.65,43.99,90.33,500.0
269.67,434.56,42.88,85.87,6.72,25.33,84.66,320.23
403.72,575.56,54.16,85.72,0.52,40.14,86.68,479.84
448.05,511.71,49.51,76.47,1.14,29.81,55.09,459.7
159.0,237.49,12.51,14.67,0.04,15.5,69.31,210.52
55.03,97.41,91.79,69.03,9.99,34.17,87.13,157.08
113.97,139.35,146.55,94.5,8.02,27.97,49.47,183.14
213.55,338.06,121.35,68.25,7.87,32.77,92.13,268.44
409.01,507.44,134.57,33.16,5.1,41.14,51.18,433.34
430.37,600.0,16.23,50.06,3.0,25.42,65.08,495.66
3.48,4.06,190.3,64.57,1.51,41.54,73.24,127.83
255.37,361.42,167.7,51.06,2.85,36.27,91.29,306.44
208.71,340.05,161.02,12.0,3.76,27.1,38.35,256.26
111.05,149.18,164.6,31.21,7.56,31.11,75.96,183.09
59.93,93.82,186.54,80.24,5.4,21.4,59.06,153.29
168.81,279.68,108.85,86.14,0.77,44.43,40.14,223.59
471.45,600.0,40.06,13.73,0.18,33.36,78.25,500.0
161.6,204.3,123.36,95.24,1.02,11.53,61.42,211.78
259.4,357.84,148.58,32.88,4.1,21.43,69.57,308.07
351.51,424.16,147.58,66.23,9.33,31.82,44.22,382.75
181.81,326.31,104.29,75.18,6.37,11.97,56.1,230.53
485.89,600.0,13.69,81.19,8.02,10.84,66.3,499.74
481.22,600.0,74.22,94.57,4.66,25.75,50.37,498.77
125.89,212.68,184.15,31.29,3.62,21.64,34.88,184.05
248.62,364.15,116.89,85.85,1.08,25.34,92.12,303.22
150.44,231.15,107.67,13.17,8.76,19.19,58.36,141.02
142.42,165.55,53.77,70.5,7.83,15.77,75.04,195.5
18.44,30.04,73.69,74.2,1.68,34.12,50.83,98.27
304.78,362.51,179.07,67.77,5.12,28.01,46.63,345.94
251.34,421.81,133.29,25.23,4.87,17.01,50.54,300.44
25.74,42.4,157.48,87.3,6.25,21.19,50.69,113.26
139.32,222.38,90.87,16.89,9.46,30.71,60.81,193.95
454.13,511.04,126.05,5.36,5.8,12.53,60.76,458.17
119.78,157.18,49.68,71.75,5.4,15.16,57.29,182.11
72.45,93.04,141.09,47.55,0.5,12.56,30.11,153.98
244.73,330.89,85.52,84.91,0.63,38.43,57.21,296.92
492.83,572.34,88.51,38.34,1.87,36.33,32.68,492.65
121.03,212.51,129.86,16.83,0.32,36.37,29.46,186.34
336.07,499.96,187.26,83.64,7.43,35.07,89.95,391.02
380.81,500.33,12.8,54.89,7.23,33.43,65.37,408.11
118.82,163.72,164.95,18.92,1.36,26.69,69.46,186.29
364.11,514.5,58.48,72.04,8.36,32.48,50.13,404.4
183.89,279.59,88.78,51.11,1.55,11.34,88.17,235.8
316.15,461.89,4.38,60.43,3.01,31.75,67.84,357.44
316.76,552.3,60.21,46.09,2.49,37.23,77.69,448.38
267.89,387.87,100.53,82.87,3.72,27.51,47.64,318.51
45.14,81.01,11.24,82.96,2.55,22.51,92.0,127.98
417.65,600.0,98.22,70.94,4.89,19.71,81.53,499.08
160.39,199.84,185.42,10.54,4.07,32.5,84.05,215.8
93.26,163.34,21.08,83.89,9.87,34.25,32.91,168.05
20.39,24.09,152.89,67.1,0.56,40.48,40.32,113.83
295.45,494.05,81.93,69.7,1.42,21.98,41.42,383.73
338.78,462.92,131.03,36.3,0.53,36.94,40.32,370.27
8.29,14.22,52.05,87.93,6.26,29.65,84.16,111.31
256.05,437.24,31.9,72.54,0.55,40.9,22.39,310.15
113.25,188.46,32.09,11.26,8.36,28.47,25.71,180.04
322.59,533.24,14.1,40.78,5.12,28.12,40.54,421.39
87.18,114.5,37.13,88.64,5.27,30.23,34.99,165.08
345.47,399.58,132.84,4.72,5.62,36.23,37.39,374.42
193.37,267.25,176.34,96.14,1.71,43.76,79.85,251.11
468.36,572.09,162.83,67.92,1.98,12.57,62.23,476.65
68.76,109.09,137.03,63.14,3.19,11.87,20.43,152.98
170.53,228.9,22.09,27.06,5.93,42.81,52.2,221.58
56.74,101.16,57.84,24.88,2.1,28.55,50.59,156.2
462.35,600.0,61.96,94.21,1.16,31.52,28.55,496.96
438.67,600.0,49.99,29.83,9.7,26.88,70.71,496.95
128.97,153.83,103.0,77.55,0.22,13.28,72.66,190.59
329.99,562.11,107.11,39.31,8.03,36.88,74.07,458.34
408.61,600.0,71.38,13.93,7.88,36.15,74.64,500.0
277.6,400.01,70.76,1.07,2.97,20.91,20.0,318.05
264.83,403.69,165.71,54.43,1.36,20.72,91.54,317.45
120.93,197.76,157.86,97.58,1.46,39.32,81.07,193.54
46.55,56.9,61.56,36.91,6.97,12.53,87.8,127.1
448.61,600.0,182.76,35.72,6.43,40.84,21.17,498.08
450.21,600.0,190.56,34.41,7.83,18.98,90.04,500.0
316.55,380.64,65.35,52.05,9.37,30.75,80.73,361.46
169.51,230.08,70.88,44.07,6.92,42.76,82.79,224.14
174.6,200.4,101.13,87.99,1.56,33.73,27.0,222.41
362.98,405.83,188.22,50.55,2.43,24.51,75.41,394.37
448.56,535.85,175.26,50.78,8.42,34.13,91.99,463.09
443.54,600.0,20.51,13.84,2.09,22.04,70.89,500.0
389.94,578.93,78.55,98.27,0.73,19.7,62.79,472.65
321.02,570.15,110.67,25.0,7.03,44.88,90.92,478.67
42.07,59.01,100.63,7.34,4.03,36.28,53.22,115.82
80.81,106.54,38.77,66.31,9.2,32.57,64.95,165.9
449.28,600.0,171.76,59.54,6.5,22.44,55.73,500.0
303.21,426.82,135.39,41.51,0.9,11.72,89.96,349.83
4.6,5.4,167.58,42.22,9.48,11.09,25.71,105.77
50.74,78.57,171.75,78.51,2.59,29.4,57.58,144.89
331.75,415.1,149.67,19.57,3.37,36.67,71.52,371.6
2.53,3.88,87.84,82.03,4.02,28.81,79.39,108.26
80.4,125.04,122.11,64.87,0.51,39.43,63.73,164.93
274.37,331.0,32.07,41.9,4.97,11.17,88.17,323.21
345.95,395.4,134.73,45.8,1.23,22.84,90.65,379.06
325.98,536.74,35.85,25.66,4.01,18.3,24.82,427.71
112.13,159.44,138.79,75.21,3.51,25.65,50.18,177.93
356.09,406.2,45.92,51.29,7.73,12.53,21.76,380.24
118.62,213.1,23.51,32.09,8.03,43.39,44.71,184.43
162.7,185.55,33.06,59.61,1.53,17.81,60.27,210.57
373.25,592.16,0.4,99.57,3.67,42.28,88.31,499.37
324.82,580.96,143.75,43.53,3.73,24.91,83.49,483.02
424.61,538.16,146.48,92.07,1.51,44.49,29.56,443.77
328.81,394.43,102.99,34.5,7.98,29.39,26.98,357.36
284.15,336.71,32.27,5.47,7.07,42.58,64.2,334.56
46.84,61.46,16.71,20.42,1.9,10.19,59.91,133.95
183.86,215.25,3.83,41.87,3.67,36.19,39.98,233.6
132.6,210.11,33.15,21.96,1.06,41.61,87.46,201.78
121.99,139.51,178.17,0.02,6.28,14.89,89.55,187.11
486.51,600.0,48.31,91.5,1.21,13.36,50.2,494.84
196.55,353.33,70.85,84.39,9.86,24.86,86.77,249.53
446.02,600.0,21.07,74.23,7.81,42.68,48.8,500.0
315.57,483.03,44.47,16.78,3.9,28.98,75.26,368.01
397.41,522.34,103.84,12.04,5.79,28.46,55.7,417.76
251.32,386.21,121.55,6.76,9.11,14.94,29.19,299.55
288.45,423.72,49.07,72.4,5.54,10.03,89.6,332.99
246.26,344.33,11.55,92.88,1.74,38.35,54.06,299.77
97.62,116.32,78.21,43.05,3.79,13.07,75.09,174.06
361.23,600.0,46.84,11.91,8.43,32.18,47.54,500.0
140.39,198.63,43.91,51.24,6.44,42.01,21.42,193.44
12.16,15.03,191.97,34.88,6.51,17.3,27.54,115.39
322.74,438.09,123.26,37.48,8.67,33.28,57.22,358.26
88.56,123.08,111.38,62.13,8.94,12.75,71.75,171.63
470.23,600.0,83.16,71.87,9.2,31.13,45.11,498.84
476.96,600.0,85.79,11.06,0.95,15.74,72.16,500.0
457.43,600.0,108.18,3.56,5.44,35.76,72.4,500.0
185.08,205.02,139.29,99.43,7.41,20.54,72.8,237.38
7.73,10.75,140.43,23.27,7.57,26.22,56.94,108.1
464.16,600.0,34.34,5.38,6.07,30.98,88.62,500.0
214.09,238.38,100.02,18.99,1.67,15.99,56.69,258.98
483.33,600.0,82.39,3.9,7.97,35.96,53.77,499.38
481.81,600.0,174.11,39.18,7.2,20.59,34.95,497.02
426.5,510.09,126.28,80.24,0.86,33.18,43.07,442.45
147.22,217.11,106.5,34.12,4.64,15.54,23.18,196.78
192.55,240.81,23.08,44.42,1.74,34.08,67.52,244.67
425.57,471.74,121.13,67.56,3.37,14.49,38.64,435.72
158.46,201.06,23.44,50.89,0.18,24.89,42.81,204.55
84.75,151.11,67.44,86.14,4.0,18.65,77.81,169.13
278.4,462.44,28.57,86.6,5.5,36.19,44.54,348.17
468.08,600.0,138.41,0.99,6.2,19.17,38.16,500.0
348.01,501.66,41.25,77.8,6.63,40.86,32.68,390.6
285.03,335.43,78.37,46.07,8.36,41.21,78.11,335.38
48.59,72.08,179.13,98.88,2.15,16.88,29.73,134.23
307.5,436.06,40.86,48.32,1.2,31.48,54.03,348.67
495.03,600.0,101.56,98.69,8.52,13.07,58.02,500.0
70.04,81.86,83.85,75.46,1.57,23.7,71.55,159.67
259.16,373.66,3.62,24.86,9.75,34.97,67.5,307.75
438.69,528.63,158.55,53.84,8.43,33.08,80.8,453.68
370.38,491.6,13.81,99.21,5.01,31.86,23.36,394.96
348.51,563.24,94.85,85.75,9.81,19.89,42.23,456.81
351.24,503.4,112.14,9.74,0.97,23.23,41.01,393.81
179.75,245.02,125.69,70.64,3.03,13.6,30.95,226.57
146.8,202.01,137.73,34.56,6.38,35.17,41.69,201.78
404.68,575.3,50.65,0.7,3.5,27.64,43.23,470.54
405.06,600.0,2.0,40.35,9.28,34.81,59.14,500.0
433.54,600.0,144.69,23.48,0.66,18.71,69.78,497.71
456.62,600.0,107.13,81.89,5.49,21.36,48.58,497.46
255.67,422.07,167.22,33.73,5.91,21.7,73.96,308.34
250.76,331.2,164.28,82.75,6.53,10.9,45.21,298.63
399.15,600.0,168.67,0.06,2.56,21.94,41.77,500.0
324.98,457.03,97.02,30.78,3.65,38.12,60.59,363.89
350.98,448.65,66.73,24.12,8.44,41.41,21.78,379.9
397.9,600.0,158.31,23.36,1.95,28.14,25.98,500.0
445.0,501.47,90.26,6.82,8.27,25.94,51.35,456.18
169.0,292.57,36.69,18.71,5.63,11.08,90.72,224.22
187.79,267.23,170.99,55.55,7.62,40.77,74.11,241.73
46.99,72.65,176.51,29.14,7.14,10.46,26.61,126.55
289.14,451.51,93.26,41.74,2.08,43.07,83.47,340.2
17.97,31.03,15.14,37.69,5.69,27.12,74.92,66.68
232.8,359.83,77.57,87.59,8.68,21.97,65.82,277.8
271.32,415.06,160.71,90.53,4.32,42.35,81.52,323.41
143.27,164.28,180.35,49.3,9.67,10.85,50.31,197.3
295.42,432.16,40.69,33.02,4.52,30.35,36.61,337.61
15.25,18.38,13.39,10.68,1.43,29.21,58.4,60.21
18.67,30.18,175.47,95.34,3.89,17.68,61.16,110.8
411.3,599.9,77.88,6.02,9.52,25.01,60.37,499.13
180.1,283.86,108.35,29.77,3.2,32.83,62.38,233.77
63.53,71.74,193.61,29.81,8.68,35.45,91.15,161.85
261.12,302.73,13.31,32.04,8.81,10.03,87.67,314.03
385.0,600.0,129.66,16.43,3.5,42.79,85.68,500.0
107.91,124.15,14.82,78.32,0.83,15.76,80.11,180.7
311.45,358.12,75.09,12.25,7.25,18.18,90.76,352.7
42.67,47.3,160.76,63.49,3.12,19.22,27.39,113.07
25.84,45.73,86.69,12.38,7.83,11.32,39.88,77.12
265.68,429.4,199.44,7.05,4.43,14.31,57.13,313.29
270.32,364.19,111.81,90.94,4.85,44.52,83.49,323.52
318.71,416.74,64.23,19.01,7.78,21.03,57.89,354.06
363.05,488.22,44.02,82.13,3.82,14.04,76.1,387.68
487.93,600.0,70.1,54.46,4.43,13.74,30.42,497.93
258.15,403.48,74.51,7.79,3.76,35.18,38.93,306.86
161.48,198.56,13.74,95.54,3.67,39.91,74.88,218.0
397.59,485.81,73.91,24.7,5.26,18.99,32.36,420.32
135.42,158.28,92.85,85.96,8.09,10.73,46.35,184.4
219.49,342.88,144.55,16.88,3.62,17.81,39.86,265.52
39.23,64.14,131.35,85.39,5.24,11.98,46.24,107.33
12.68,16.29,141.75,1.32,6.71,13.62,73.12,112.95
481.32,536.51,1.67,51.18,2.69,25.1,47.59,480.79
417.99,483.83,43.53,76.94,2.78,18.05,61.64,439.55
347.99,600.0,132.34,93.48,9.33,28.06,27.49,498.55
204.48,267.21,96.8,90.92,7.24,18.87,80.38,256.37
86.65,141.97,1.06,81.96,5.77,42.92,47.74,169.05
78.22,120.24,160.9,88.82,6.48,41.71,68.64,166.01
125.12,171.09,154.56,19.92,0.29,29.84,74.4,192.73
274.61,341.61,109.68,28.42,6.18,22.4,35.72,315.74
357.3,423.39,13.29,28.9,5.1,23.34,86.35,390.43
330.1,505.22,153.3,37.71,5.46,24.41,66.22,392.79
139.97,229.86,116.74,39.33,3.59,35.47,52.15,194.49
477.43,600.0,156.39,54.46,0.81,25.81,33.68,500.0
368.95,542.8,150.35,15.99,1.93,39.99,90.67,442.32
277.18,313.03,160.6,69.12,9.51,43.04,76.63,329.18
305.86,543.8,103.6,16.76,4.09,21.76,35.6,437.01
209.8,348.08,28.06,31.03,4.67,29.62,45.33,256.44
123.87,161.64,134.23,50.33,0.53,13.33,80.73,192.0
177.99,317.88,124.09,79.64,0.38,17.02,72.18,222.99
378.92,576.46,148.45,73.95,7.17,24.47,77.43,473.98
7.2,10.85,33.98,64.55,5.38,17.22,53.09,84.87
58.04,94.23,39.0,15.58,5.09,40.68,73.74,158.49
23.0,38.37,178.08,54.7,2.43,15.54,48.99,114.61
20.36,31.76,150.0,8.74,7.45,25.95,35.84,108.58
427.73,508.86,181.65,37.74,1.68,31.2,67.45,445.0
351.83,470.32,151.74,41.35,1.9,34.22,93.2,385.08
237.09,414.82,119.43,3.98,4.61,23.41,43.3,282.18
48.92,61.5,130.83,27.4,2.86,40.42,54.57,138.62
245.81,334.43,177.83,95.56,2.47,29.89,70.55,299.97
236.74,332.01,115.76,95.36,6.45,25.38,60.61,291.54
86.6,121.9,126.48,35.23,6.51,12.35,83.26,166.51
216.93,331.69,31.3,4.31,8.25,26.26,77.13,271.46
199.25,350.71,94.78,17.91,4.18,38.73,24.37,248.1
307.93,390.6,143.28,39.22,0.73,31.51,94.88,355.24
317.55,376.31,54.19,94.78,2.74,39.13,76.43,361.79
22.65,28.05,40.45,14.12,9.8,27.29,84.79,110.42
187.31,322.33,62.77,76.35,5.96,14.15,68.84,236.88
312.93,485.69,48.3,10.87,7.1,10.48,84.22,373.66
251.57,327.07,42.98,98.13,0.07,20.61,28.43,300.65
428.24,600.0,84.97,38.16,5.18,34.43,46.08,499.31
329.35,560.86,181.57,77.52,0.38,37.66,85.73,457.65
81.47,137.89,101.41,34.26,5.69,20.35,35.12,161.5
35.28,61.51,37.58,62.77,9.21,27.35,25.87,101.48
321.21,410.05,15.39,19.2,9.68,24.74,79.11,363.14
13.26,21.59,139.23,14.6,5.41,24.37,82.66,108.62
292.89,416.6,76.56,93.81,4.58,18.1,32.2,329.07
470.12,600.0,164.37,91.76,9.45,14.77,84.08,500.0
287.74,463.24,131.9,88.75,6.74,16.88,71.51,342.58
194.08,318.98,159.25,62.54,0.65,11.94,59.01,244.41
321.64,501.54,54.39,80.83,4.66,16.93,82.27,388.52
229.13,280.5,138.47,6.9,2.4,10.32,51.44,280.9
272.81,404.17,52.81,33.48,4.7,31.95,34.55,316.37
470.73,600.0,187.81,31.37,4.55,21.07,41.36,500.0
193.05,339.03,127.27,63.56,5.82,44.06,57.89,247.28
480.6,543.18,64.9,35.6,3.57,16.78,59.85,484.91
452.68,550.17,53.9,14.85,1.64,22.1,80.42,459.94
97.9,116.71,38.19,59.65,5.04,22.52,79.35,169.95
34.68,55.77,138.93,81.44,8.3,10.3,63.6,106.78
50.39,84.27,43.74,38.21,6.64,39.37,78.56,143.29
9.11,11.38,119.06,13.23,3.38,11.12,34.38,97.96
47.22,68.66,52.93,19.67,9.36,42.91,23.75,127.2
341.5,576.63,132.39,23.75,9.12,41.22,85.52,480.81
35.59,57.41,162.99,29.99,2.09,28.74,25.67,112.26
159.49,235.97,155.61,64.28,0.39,29.03,38.5,209.02
422.44,600.0,152.17,60.09,7.41,32.88,72.15,500.0
11.64,16.94,37.54,69.61,8.28,23.55,50.71,90.14
407.23,532.78,17.68,36.25,9.68,32.65,85.72,429.84
140.93,210.76,139.79,82.4,8.9,11.57,42.35,196.45
59.08,93.48,73.67,20.41,6.01,11.89,20.89,148.14
348.37,596.17,86.47,46.9,5.3,26.0,42.55,495.37
314.47,485.99,6.23,80.09,0.28,29.24,63.36,378.09
438.74,600.0,51.92,18.02,2.47,41.07,48.2,498.73
367.54,445.47,6.74,10.99,4.6,13.66,60.12,395.65
401.74,571.71,175.84,88.37,6.29,38.79,85.74,477.64
141.02,156.04,48.68,34.29,5.57,17.35,88.44,197.04
88.72,112.91,111.47,68.39,7.43,23.79,39.95,169.12
375.31,600.0,7.8,2.53,2.8,21.08,54.66,497.42
403.42,600.0,133.37,69.0,5.65,24.01,61.19,499.25
495.25,579.16,64.61,31.61,0.88,15.27,91.18,499.83
206.31,284.92,179.58,5.57,4.14,27.62,94.9,263.19
186.01,308.78,177.62,60.98,7.5,38.06,37.66,239.72
388.21,482.47,65.06,24.08,6.93,25.45,74.52,417.28
170.4,253.65,180.19,38.68,9.91,27.17,48.35,220.71
465.38,600.0,199.23,8.06,2.78,39.71,20.61,500.0
429.21,600.0,165.08,14.72,4.98,34.71,20.69,497.67
214.5,264.18,168.97,29.8,3.3,27.17,54.54,267.45
375.44,506.38,49.8,8.98,4.41,19.02,56.63,400.93
377.27,600.0,115.34,91.08,8.57,40.97,21.69,500.0
51.56,76.72,13.45,0.6,6.84,30.2,71.52,144.54
451.28,498.06,18.98,48.39,8.82,17.74,42.05,455.24
252.63,412.46,199.78,12.32,2.04,19.42,61.99,300.25
413.23,464.77,65.33,30.77,8.73,38.11,42.57,432.27
160.02,259.56,149.64,92.61,0.6,11.55,32.54,202.46
447.76,556.0,161.33,16.17,8.89,44.72,50.54,463.43
194.6,344.57,171.6,96.58,3.29,14.56,37.42,244.06
5.42,7.36,199.53,20.58,3.15,37.86,60.11,123.4
452.69,600.0,48.3,74.16,5.12,23.82,34.91,495.51
45.64,54.96,8.07,54.67,9.41,27.23,58.13,130.57
159.66,209.78,82.24,88.45,0.48,40.82,31.8,215.72
475.03,600.0,26.02,55.4,3.52,24.45,70.32,500.0
475.3,600.0,4.49,53.46,8.57,28.81,76.55,500.0
286.72,389.31,72.09,19.55,3.96,11.73,28.28,326.23
315.92,446.72,156.75,16.62,1.99,10.08,55.09,352.77
224.22,359.98,113.24,91.65,4.25,18.57,25.32,270.33
146.61,252.21,62.56,32.78,3.86,33.82,64.86,200.76
164.33,248.98,130.87,37.21,9.15,14.24,39.83,214.34
336.26,462.04,46.4,75.98,7.62,13.98,59.57,374.57
376.19,522.46,2.88,33.88,5.05,24.38,58.81,409.12
395.79,600.0,152.87,95.21,9.88,32.67,89.33,500.0
394.81,435.18,124.75,73.79,4.65,34.92,61.18,415.76
45.6,69.94,152.46,59.74,0.58,16.25,63.72,129.92
247.21,333.45,7.79,88.09,2.62,12.79,50.12,293.55
28.78,47.66,167.42,4.96,4.36,42.91,91.18,116.76
274.76,320.13,123.91,25.71,1.57,19.12,78.29,323.9
220.77,333.74,112.68,46.5,9.48,39.87,41.41,276.36
443.85,600.0,124.92,22.7,7.67,40.22,83.32,500.0
175.46,271.89,172.89,74.39,2.68,37.04,52.43,228.29
58.53,67.04,117.39,91.92,5.91,15.91,82.15,155.44
71.5,107.67,116.19,42.38,7.21,38.76,81.72,168.03
380.76,568.48,198.14,34.21,9.41,36.92,34.17,462.18
309.11,461.33,151.35,96.16,8.82,30.89,72.59,350.61
50.56,76.98,88.46,44.49,5.15,21.8,41.8,135.65
42.05,66.17,141.48,48.9,7.75,19.19,42.31,112.58
350.48,583.03,77.85,35.16,5.62,14.27,42.23,477.49
36.38,46.89,45.78,90.95,5.53,27.84,74.42,113.36
410.93,600.0,119.37,56.9,1.15,30.48,37.24,500.0
353.12,511.59,185.64,76.22,1.26,22.58,20.07,397.72
40.67,46.94,185.83,81.18,5.3,26.64,73.64,120.02
42.42,48.4,68.38,34.18,2.69,22.72,32.84,117.29
493.32,600.0,105.54,43.37,0.21,32.44,27.84,496.9
187.14,308.67,42.33,84.85,7.23,41.54,37.81,237.79
185.32,295.66,199.13,36.33,0.32,15.74,48.49,234.45
406.4,600.0,196.22,79.39,5.95,23.35,55.69,500.0
473.62,600.0,129.9,94.1,5.39,14.93,23.34,496.62
493.0,600.0,160.88,62.32,9.69,31.87,92.79,500.0
376.69,453.24,143.02,74.16,4.84,35.51,73.7,404.65
188.13,250.16,118.63,80.51,0.64,42.62,44.24,248.25
41.75,58.61,10.67,84.5,5.52,19.76,43.9,117.26
388.57,451.53,90.95,39.51,8.41,43.26,53.64,415.26
279.2,350.24,134.96,5.13,9.97,12.21,66.97,323.09
212.11,322.15,135.51,40.19,4.3,31.11,30.98,259.94
453.18,600.0,74.62,67.38,3.2,12.0,34.17,496.14
55.6,100.01,188.34,45.04,9.07,41.28,84.46,157.67
246.31,431.83,33.47,74.9,1.91,28.54,39.22,303.52
5.68,8.8,100.07,35.7,6.15,33.43,48.51,64.73
234.33,326.86,138.18,63.47,4.06,39.11,85.35,288.13
28.15,43.5,139.43,18.64,0.41,15.26,69.74,109.3
59.41,98.02,129.73,74.94,3.47,11.35,45.63,149.94
58.76,69.51,55.06,54.57,2.65,40.76,71.28,160.87
324.61,450.21,31.24,20.41,6.86,21.02,21.48,352.95
373.02,600.0,127.19,29.19,9.49,14.51,75.17,499.07
291.68,399.22,119.86,74.86,2.68,26.4,56.53,338.51
481.09,600.0,35.87,48.26,8.11,30.94,80.99,500.0
187.44,283.3,141.03,21.6,0.55,11.08,91.6,241.89
142.86,175.59,91.03,96.73,5.38,19.62,89.43,204.37
434.3,587.85,133.55,71.51,0.71,11.15,88.19,486.19
111.8,149.16,167.47,95.71,9.34,24.71,58.41,180.62
481.61,538.6,33.95,42.71,7.66,41.33,47.01,486.8
6.08,6.79,3.83,47.51,6.58,44.39,54.88,70.31
484.94,600.0,155.82,89.8,8.24,32.3,71.74,500.0
21.58,27.86,121.94,52.5,6.48,15.66,86.3,109.39
445.57,600.0,139.93,70.73,9.69,41.7,35.52,500.0
263.85,345.41,167.63,25.22,7.14,28.07,88.86,317.54
496.48,600.0,160.56,44.67,9.25,15.38,81.14,500.0
36.9,47.29,192.18,12.34,5.17,42.26,93.41,123.54
276.93,387.91,107.19,20.6,1.17,36.51,86.02,330.58
484.65,600.0,97.7,0.09,5.28,35.61,41.0,499.45
261.55,441.85,80.38,3.93,1.27,34.82,27.95,320.16
314.7,387.17,30.74,97.73,5.92,17.01,28.42,349.26
347.87,578.12,114.52,24.24,4.82,17.39,41.84,476.81
227.27,322.89,55.4,66.33,6.23,34.09,66.06,282.48
313.78,451.24,184.26,83.91,0.1,17.69,80.32,350.17
292.16,348.67,116.64,55.07,1.95,25.35,87.44,335.05
450.58,521.06,118.57,15.31,4.91,37.37,66.78,465.56
22.72,36.57,70.98,72.81,9.51,37.44,20.42,99.83
140.48,203.35,10.4,60.03,3.84,25.86,33.97,192.27
475.21,600.0,6.35,73.13,4.24,37.73,27.48,500.0
445.13,600.0,84.67,76.97,7.15,39.35,47.25,500.0
227.83,372.7,16.91,97.54,6.04,32.92,57.6,279.71
310.07,375.56,121.37,57.36,2.99,17.99,23.25,346.73
138.69,211.8,176.19,34.16,4.11,19.59,46.14,191.82
94.06,112.38,176.58,64.85,2.18,21.02,33.44,172.58
231.85,376.98,131.81,6.84,9.66,14.09,68.53,279.86
176.68,275.59,42.25,89.74,1.31,19.56,54.82,228.25
291.83,516.43,172.6,11.94,3.72,17.33,57.15,408.12
38.87,44.63,177.22,32.78,0.26,25.94,52.08,112.32
487.2,555.37,39.33,81.57,2.22,41.8,91.7,495.62
493.11,600.0,147.49,59.73,7.8,13.66,36.11,499.76
349.08,447.94,57.3,39.36,2.01,35.21,58.75,384.93
268.05,341.19,160.53,47.34,0.8,34.05,75.2,318.45
154.76,268.42,199.45,85.45,4.74,13.35,61.76,202.82
406.9,518.67,6.01,34.0,0.1,42.29,89.68,434.69
342.37,441.78,179.47,86.96,0.85,29.9,48.35,377.8
81.31,132.66,124.53,8.81,8.08,22.73,54.78,161.55
455.46,600.0,194.68,77.68,7.71,36.48,26.64,496.38
411.27,600.0,93.0,84.75,9.15,19.01,65.67,500.0
474.9,544.12,169.48,18.18,8.55,34.27,41.62,482.11
362.86,522.99,12.48,43.03,6.83,11.39,32.02,407.84
306.71,344.6,67.06,16.55,0.52,39.38,60.84,350.77
209.12,239.21,13.4,70.66,7.83,25.69,59.92,258.41
466.36,600.0,195.07,53.53,8.46,32.28,25.69,493.37
433.03,518.54,163.39,63.53,7.99,17.74,72.37,446.67
22.61,33.3,170.51,19.65,5.08,33.7,66.78,117.29
13.18,18.3,187.59,21.17,2.33,37.03,34.18,116.91
188.23,252.82,17.02,4.15,8.45,26.56,55.21,236.25
405.28,600.0,77.12,32.21,7.27,31.62,74.02,498.86
493.64,550.54,14.21,55.97,9.81,25.97,59.71,494.76
75.21,117.68,42.16,85.79,1.56,41.29,49.66,165.83
297.07,527.11,45.87,66.69,2.26,27.43,44.18,420.03
190.45,284.17,93.82,43.54,2.12,39.46,65.78,247.3
484.96,600.0,53.71,95.31,7.93,38.05,90.43,500.0
421.06,478.57,20.2,71.92,1.87,24.37,70.38,436.1
419.16,583.96,33.5,93.02,0.67,18.05,25.61,479.52
234.35,300.46,29.46,52.76,9.99,24.21,54.55,286.02
207.41,334.26,194.62,25.89,0.25,38.92,86.81,264.17
136.7,244.28,151.86,5.28,8.35,17.97,27.08,184.55
28.19,36.07,193.55,72.61,3.65,28.36,94.17,121.26
432.36,600.0,87.95,12.13,8.42,38.21,91.18,500.0
406.45,503.46,55.67,30.28,5.55,22.37,25.87,423.8
499.86,600.0,159.66,53.25,9.02,32.48,90.01,500.0
498.32,600.0,65.25,56.44,9.26,18.6,47.23,499.12
277.72,494.45,59.88,60.06,0.09,13.82,83.35,382.46
384.49,586.73,46.5,16.63,0.75,37.8,51.38,487.18
472.38,600.0,25.94,37.97,2.5,13.46,53.06,500.0
424.82,501.24,51.29,61.72,6.69,19.5,67.57,441.75
123.67,149.14,71.06,96.98,8.88,39.93,78.09,191.41
225.27,283.33,134.8,72.76,4.6,22.13,22.53,271.25
64.58,82.38,12.51,92.26,6.07,44.06,64.49,160.2
477.03,600.0,42.1,76.22,1.88,44.29,34.0,500.0
303.09,452.47,161.8,59.17,8.05,19.39,45.95,342.37
114.32,167.64,29.38,19.2,9.67,11.43,46.1,179.9
335.85,396.42,68.53,66.67,2.69,34.68,55.18,374.4
309.06,526.06,172.93,62.34,4.95,25.78,45.06,416.2
179.08,287.6,30.99,60.25,0.86,13.53,28.05,223.79
56.78,65.15,16.55,48.98,5.59,34.76,30.92,153.43
335.79,535.74,96.91,52.87,5.03,11.09,22.51,418.68
260.15,385.15,60.48,33.44,1.44,40.46,55.27,308.84
386.16,446.87,112.68,51.93,4.42,14.85,91.58,412.68
260.08,369.53,160.76,19.76,3.34,14.46,28.68,306.22
426.09,600.0,27.43,80.52,5.22,16.15,90.97,499.66
275.95,335.57,116.14,18.58,5.86,43.61,75.0,325.64
280.47,494.18,101.1,8.5,0.08,34.26,67.81,381.33
438.33,600.0,28.82,43.62,7.61,38.05,68.4,500.0
201.74,316.39,124.8,65.83,7.13,23.92,82.0,257.18
67.01,95.39,54.73,43.77,3.66,21.77,28.02,156.03
14.39,19.98,97.57,27.68,0.53,18.21,57.86,97.13
377.57,587.38,16.45,55.82,7.55,26.82,72.28,486.78
310.15,459.59,91.92,34.7,9.55,29.31,64.01,347.25
352.04,402.59,61.29,93.29,2.4,32.11,82.46,389.85
106.48,155.33,164.48,92.26,3.24,19.0,25.42,175.45
68.19,113.49,11.4,50.24,1.84,43.2,71.8,160.69
7.27,10.34,83.72,32.79,5.77,15.94,60.05,84.11
175.29,199.2,91.69,73.71,1.55,43.8,48.44,228.06
294.96,486.8,145.0,3.67,3.56,10.52,45.52,367.94
196.12,243.38,114.86,47.48,6.97,26.84,66.56,249.23
218.74,280.21,133.44,33.63,5.6,21.67,86.82,269.95
452.08,549.41,155.41,92.05,3.86,25.72,57.21,461.75
174.13,231.79,172.44,1.2,4.2,29.97,81.85,228.65
256.99,418.83,62.78,55.28,5.62,25.25,50.16,304.98
391.83,573.47,107.6,74.07,0.06,24.52,27.68,469.2
198.27,246.53,168.02,48.5,0.79,35.65,24.61,252.07
311.04,533.28,197.89,8.54,8.81,34.01,23.85,420.98
431.18,600.0,177.9,97.25,0.78,39.16,48.51,497.81
474.76,600.0,74.29,51.8,7.07,18.75,45.29,493.59
73.54,93.18,39.03,61.42,9.2,31.33,73.85,163.27
463.29,600.0,97.88,23.66,2.71,30.48,75.71,500.0
246.06,440.32,148.33,48.35,3.7,22.94,23.81,316.01
129.12,211.81,98.51,42.91,5.69,27.01,36.58,188.31
229.57,256.89,96.64,7.49,8.82,20.98,40.57,273.8
490.02,561.38,167.65,10.62,9.42,14.96,61.07,487.1
246.31,350.93,72.28,83.75,7.4,17.48,30.84,293.64
164.38,285.43,171.96,23.98,0.87,13.69,30.05,211.4
316.7,467.8,81.36,19.5,6.69,33.91,90.78,358.15
120.07,173.92,65.65,50.49,4.1,33.13,80.32,184.45
37.93,44.53,90.8,76.87,4.71,43.27,33.55,109.26
64.44,100.51,152.49,6.19,0.49,35.54,50.49,160.43
64.02,107.27,25.2,57.68,1.91,11.82,46.67,153.79
75.95,103.77,39.28,11.92,7.91,40.95,79.33,164.77
69.41,114.04,190.29,3.65,4.54,40.19,58.27,161.4
320.44,568.82,35.1,5.27,3.02,25.52,29.59,459.16
90.94,113.01,113.55,83.42,3.84,30.51,75.42,175.31
172.83,253.43,115.86,11.8,8.54,44.16,49.77,226.19
448.39,583.36,97.92,4.52,7.49,28.63,39.72,476.17
236.98,392.2,128.95,43.79,2.72,41.69,48.16,288.27
333.78,502.11,45.97,84.4,1.18,12.91,57.33,388.76
86.16,133.05,110.53,26.24,2.52,16.69,45.73,164.32
96.14,159.46,74.43,42.17,9.21,25.43,38.14,170.17
20.43,28.14,132.33,3.99,5.82,30.47,49.89,104.68
84.47,147.02,28.24,44.91,5.33,38.57,21.44,166.55
139.3,205.2,114.18,57.76,5.96,44.59,77.94,198.38
88.51,107.14,37.05,57.09,3.66,23.61,32.82,160.72
44.35,70.39,55.73,33.24,8.07,11.66,23.29,117.19
60.32,99.84,43.74,31.55,5.23,38.04,69.03,159.8
230.39,304.51,36.57,10.66,1.17,31.15,78.05,282.93
103.17,175.39,165.14,36.68,1.29,16.95,81.04,181.85
182.13,315.88,57.14,9.95,5.37,27.32,57.01,234.47
251.71,325.67,185.42,76.66,9.37,35.98,35.4,303.0
345.2,600.0,193.99,96.63,3.08,36.96,75.29,500.0
19.66,23.56,114.25,97.01,8.7,27.49,72.48,112.89
399.71,496.2,28.6,86.51,7.64,20.68,38.47,417.55
313.95,385.83,74.91,60.08,2.48,44.08,87.76,357.49
40.88,70.55,159.55,70.09,0.36,33.22,27.83,114.59
436.79,600.0,73.48,28.52,1.02,24.29,93.7,500.0
460.44,555.5,17.4,63.08,7.28,19.82,84.52,468.43
30.54,43.01,111.36,45.56,2.0,35.59,71.59,103.9
138.44,211.91,169.02,48.2,3.71,18.48,90.41,202.0
403.1,466.96,159.19,75.78,5.02,16.01,74.17,425.11
374.13,600.0,35.02,28.19,7.25,28.54,34.28,499.72
92.26,153.39,134.55,31.8,1.13,20.15,53.16,166.93
104.67,152.16,44.1,92.46,4.06,32.01,25.36,176.54
185.24,329.16,43.64,5.62,4.85,14.13,49.22,233.42
242.26,337.33,174.81,48.56,5.41,32.92,75.62,296.22
309.13,552.99,49.93,91.28,8.18,19.92,48.98,443.24
184.46,289.14,52.65,61.04,1.72,10.01,44.77,232.28
231.27,357.14,0.13,54.64,8.08,14.44,64.65,279.86
373.74,454.53,174.13,24.97,6.93,42.68,85.42,403.57
18.34,31.5,158.52,34.33,5.56,40.36,23.57,113.38
126.22,176.61,125.47,85.2,7.0,18.18,48.91,182.54
356.67,432.85,150.05,55.92,4.12,37.24,31.87,387.12
447.6,496.31,30.41,51.47,1.38,31.3,72.15,463.08
255.84,381.67,91.66,9.96,6.66,43.98,27.93,303.7
266.06,390.89,70.24,1.6,5.25,23.08,69.86,313.05
53.59,85.93,18.76,96.37,6.39,33.85,41.46,145.45
223.71,385.49,97.23,37.7,3.38,12.22,34.92,270.83
266.31,307.74,184.15,60.32,9.07,23.87,90.23,317.08
121.24,195.44,8.01,7.97,5.87,43.73,21.39,185.97
134.62,165.74,58.29,68.31,0.85,28.86,52.83,197.12
188.64,320.83,41.51,93.26,4.5,20.08,21.62,233.95
10.04,16.79,47.63,57.57,7.56,14.21,56.27,76.36
161.04,238.11,181.69,12.61,7.94,34.62,57.58,215.71
105.72,168.86,93.61,58.17,4.95,32.57,44.12,181.69
163.75,216.16,93.26,76.63,8.95,23.09,29.91,212.82
59.88,85.62,152.12,40.64,2.68,43.28,48.23,153.11
445.26,600.0,30.9,87.98,4.11,10.78,70.42,499.6
296.8,421.89,97.45,64.87,8.99,20.63,78.68,337.34
339.55,458.55,86.0,89.92,8.96,42.24,59.81,377.2
394.59,570.55,119.38,62.35,6.86,21.23,64.24,463.99
249.22,418.64,199.91,13.13,8.59,18.83,35.05,295.66
43.46,58.0,153.89,30.97,0.89,28.7,41.55,117.8
268.55,328.07,79.57,20.18,8.65,38.83,32.14,316.01
293.42,469.01,165.51,90.88,3.21,13.61,38.7,347.29
372.72,600.0,34.14,76.04,1.78,43.01,36.87,500.0
215.83,252.62,6.09,67.64,2.39,37.83,58.96,268.62
63.79,80.88,40.89,30.1,4.18,16.34,62.2,152.74
141.89,170.18,68.08,18.4,2.51,34.92,90.87,202.75
181.54,243.91,102.12,75.65,3.21,23.47,34.67,229.88
322.96,457.07,123.03,47.42,1.35,24.08,68.13,358.0
285.39,463.52,182.12,22.58,2.96,37.42,81.29,355.4
178.05,277.01,101.97,61.66,5.72,43.7,62.02,233.5
493.26,600.0,100.26,4.03,4.42,14.43,39.13,496.94
302.89,407.89,10.05,32.62,3.47,24.72,39.69,345.25
118.61,200.34,6.98,46.86,7.46,26.83,22.94,185.76
50.89,72.77,110.23,14.8,8.94,23.17,42.91,137.55
76.43,136.46,87.64,98.47,7.57,22.71,75.85,164.92
122.98,189.87,167.84,20.91,3.32,11.83,23.56,178.75
80.34,95.48,32.14,13.04,7.44,33.99,36.45,163.45
93.28,146.77,4.99,20.35,1.52,25.27,72.97,172.35
142.55,189.24,89.81,76.91,1.3,16.82,78.7,198.05
86.69,137.0,47.5,42.55,3.46,38.56,54.15,170.38
448.38,515.08,9.92,56.54,8.08,38.09,72.36,464.43
40.12,49.04,144.92,2.1,2.46,27.02,49.1,113.18
262.26,445.58,22.32,3.44,0.63,20.45,31.99,318.89
205.2,258.35,121.66,44.58,1.32,32.33,49.86,253.95
491.19,600.0,56.21,81.67,8.59,20.09,63.5,499.25
56.02,72.57,34.7,88.52,6.34,18.26,91.1,153.66
198.93,308.34,75.95,8.67,2.53,35.57,25.16,250.72
484.74,600.0,160.29,53.84,5.55,11.41,58.05,495.86
432.75,600.0,78.42,91.32,5.28,13.32,44.67,496.82
408.54,536.7,150.15,38.8,6.55,10.24,58.12,429.0
128.95,161.04,25.1,82.96,2.33,15.35,21.8,183.91
85.44,95.97,154.55,13.37,8.64,12.41,43.48,165.07
334.32,438.88,47.39,93.54,3.09,44.85,81.49,373.63
464.69,600.0,135.48,75.14,6.94,20.11,61.55,500.0
278.38,489.06,113.16,94.13,0.16,15.22,53.79,372.19
285.81,488.68,185.83,67.66,3.73,18.43,41.41,373.24
139.99,229.06,77.46,36.34,3.52,42.76,42.35,192.66
384.75,600.0,13.23,93.82,5.43,28.21,48.73,499.45
93.52,146.41,3.83,27.56,0.73,22.77,82.67,174.31
161.84,207.51,165.37,33.22,7.9,40.57,92.54,220.16
212.72,369.07,104.95,70.08,2.18,23.82,52.9,266.5
253.81,398.35,155.05,76.53,6.77,21.73,49.5,302.12
121.2,180.88,46.89,92.94,8.03,17.25,83.49,190.81
57.42,67.62,69.02,20.48,5.62,23.22,52.02,150.28
305.31,431.38,6.02,79.8,7.41,21.08,61.4,348.59
144.32,205.25,192.3,73.85,6.62,33.71,37.32,198.94
290.62,495.56,133.57,6.38,3.56,20.14,75.76,380.8
77.18,114.43,186.64,38.72,8.09,30.2,59.9,164.73
240.57,328.69,53.1,28.28,2.95,12.31,80.68,291.29
266.29,475.01,122.29,30.45,5.71,16.7,78.55,361.04
25.91,30.51,135.7,98.29,7.45,24.26,36.13,108.97
168.3,234.91,63.51,64.28,3.79,42.79,73.67,222.91
67.21,75.91,169.62,71.77,3.03,23.2,80.0,163.2
31.69,51.27,189.43,97.66,4.59,33.24,45.96,118.32
494.98,600.0,176.97,37.72,8.18,18.93,32.95,499.45
161.18,208.89,147.81,80.18,9.3,14.45,20.2,206.45
404.94,600.0,55.49,43.45,5.45,12.05,53.82,500.0
127.32,166.1,56.32,86.95,6.61,20.69,46.43,185.38
340.75,592.07,192.67,18.07,9.03,15.52,61.62,489.19
380.11,600.0,2.06,94.77,0.99,16.09,34.1,500.0
297.82,495.4,143.21,21.88,2.32,36.63,84.47,385.14
235.79,262.34,141.25,32.62,7.09,10.55,39.33,286.29
205.92,365.3,124.54,75.62,8.24,29.52,36.98,257.53
174.43,280.61,198.02,39.38,8.57,23.28,56.05,224.68
464.76,600.0,62.38,60.82,4.15,27.73,57.41,496.62
415.31,600.0,67.99,44.46,0.89,29.7,36.13,499.27
482.51,600.0,15.79,74.24,4.38,20.97,40.39,498.69
62.15,106.33,88.56,22.83,2.31,20.33,32.73,154.92
365.43,430.78,52.21,5.85,2.91,35.67,73.88,400.63
469.17,600.0,68.68,29.99,7.72,40.49,77.76,500.0
90.62,133.98,166.91,47.43,0.76,16.74,54.67,170.36
33.25,38.82,187.1,16.8,8.28,13.42,73.56,119.82
370.56,470.36,37.15,35.48,4.28,41.42,75.2,404.43
287.24,318.45,74.5,40.0,5.96,22.25,30.37,329.17
420.91,600.0,185.73,5.74,0.9,29.3,92.46,500.0
69.89,91.61,12.36,58.33,3.37,22.58,81.58,160.83
397.63,600.0,18.47,88.43,0.9,14.4,35.34,494.05
100.81,131.87,32.56,15.17,9.62,30.63,33.96,173.13
81.83,107.19,119.04,59.78,8.07,28.38,29.42,165.49
82.13,133.07,30.09,66.47,4.6,17.1,30.38,162.37
407.29,461.74,193.62,41.93,2.24,25.82,76.11,431.66
332.6,576.07,89.34,70.11,9.33,37.89,55.22,476.1
261.53,443.71,100.3,41.07,3.45,30.66,78.72,322.75
179.42,281.23,49.33,50.46,1.61,13.39,75.97,224.21
438.6,600.0,94.19,0.74,5.63,29.18,65.35,500.0
196.22,338.41,132.38,69.17,9.44,34.6,71.48,249.36
408.3,502.1,150.24,66.13,0.04,37.74,21.38,423.47
219.57,253.66,150.77,3.84,2.38,32.02,43.38,265.58
188.47,238.92,115.58,36.83,9.38,15.34,67.84,237.13
231.34,383.15,180.87,97.9,1.71,34.86,20.7,279.17
150.69,169.41,163.48,42.07,1.13,33.71,22.47,201.41
373.8,563.68,151.41,50.19,5.7,10.85,83.89,460.44
251.36,451.65,11.12,90.99,8.62,24.41,71.3,337.36
116.11,197.26,1.38,71.73,4.77,21.65,39.9,178.19
449.79,600.0,42.49,58.21,9.95,33.43,71.6,500.0
191.95,219.69,132.7,79.78,6.79,17.56,79.43,244.02
271.78,457.12,82.24,86.44,0.74,30.68,43.01,339.41
453.24,600.0,80.48,45.69,9.93,41.96,22.7,498.72
312.12,368.44,176.92,47.51,4.08,37.92,89.96,358.76
58.45,68.13,179.11,38.61,2.87,42.25,45.89,155.44
469.92,600.0,181.84,96.67,5.58,44.25,27.99,498.99
313.85,492.26,62.78,69.72,3.04,10.37,56.89,375.95
167.45,281.4,138.21,8.32,0.86,31.8,77.64,220.98
69.64,119.45,54.33,86.3,0.01,24.45,36.62,158.1
397.01,595.61,38.12,48.06,4.5,40.09,40.21,493.35
310.04,453.34,36.93,6.88,8.37,18.81,38.2,346.3
266.73,373.77,68.42,54.97,5.72,44.34,94.38,322.27
446.95,590.8,85.99,41.72,9.99,31.48,34.81,489.08
394.3,553.68,166.19,87.77,2.87,37.77,63.16,453.93
75.84,124.5,23.98,20.4,2.8,13.0,89.39,165.57
155.86,237.12,146.99,82.65,1.6,16.42,31.02,203.11
124.24,214.29,106.29,55.77,1.64,36.54,92.81,193.05
371.97,524.62,57.59,5.46,2.85,10.77,91.06,416.99
16.77,25.57,98.56,97.18,7.93,38.59,86.34,117.2
284.94,439.36,59.99,51.26,9.06,10.49,36.09,320.34
381.23,577.25,119.22,29.09,9.75,33.0,67.55,476.33
438.38,600.0,86.77,46.94,2.32,22.78,77.07,498.66
171.04,216.57,32.88,85.79,8.81,31.4,93.95,229.91
410.63,598.97,23.32,30.49,3.28,34.36,33.53,498.43
55.32,64.88,109.34,19.27,1.13,21.99,77.45,151.6
423.23,579.46,180.48,12.91,8.7,13.78,45.41,476.75
63.74,91.88,68.79,29.79,6.36,12.44,33.17,152.75
198.64,309.2,146.6,78.0,1.65,30.61,51.6,246.89
398.65,600.0,131.73,47.16,4.3,28.22,79.54,500.0
74.96,113.97,186.31,22.75,2.87,35.98,54.86,162.34
114.63,185.75,164.2,16.62,7.37,27.84,60.31,178.62
361.13,525.22,113.32,33.27,4.53,24.79,94.64,417.67
360.02,555.82,131.41,93.99,9.89,23.93,49.93,449.14
320.57,368.55,179.68,34.3,0.55,10.93,66.16,356.11
346.97,443.46,79.9,98.81,3.55,21.74,47.39,373.49
271.36,367.23,65.36,48.52,4.82,44.16,49.46,323.34
125.9,180.13,2.16,17.92,5.03,40.57,72.17,191.65
172.85,195.66,165.31,89.11,3.16,21.53,90.34,226.75
90.8,108.78,160.2,46.04,7.29,30.57,60.68,172.13
454.23,587.66,20.89,70.97,8.75,39.66,77.63,488.96
291.7,519.24,115.37,98.37,9.39,25.44,26.69,407.04
200.43,266.96,92.8,5.02,8.05,10.63,35.84,245.99
231.0,332.05,23.74,9.67,8.51,12.61,57.66,277.44
473.64,586.02,196.11,72.05,5.51,27.86,21.5,483.12
76.68,117.13,42.94,28.18,8.26,43.93,38.96,167.4
293.11,380.02,13.45,18.43,3.04,34.26,58.81,339.07
252.94,314.89,118.97,3.94,3.98,12.48,21.12,300.49
305.73,446.85,147.77,2.18,3.17,16.63,39.84,341.48
9.06,10.0,6.49,77.45,4.67,37.0,58.55,100.31
436.06,482.01,131.74,13.44,2.86,39.45,62.99,456.19
466.06,584.13,106.46,46.77,9.62,31.62,89.43,492.03
282.57,318.09,20.65,60.59,3.13,32.55,68.4,333.41
348.33,409.5,34.5,42.84,0.98,10.99,51.11,376.19
461.25,600.0,113.59,2.71,5.27,39.0,89.78,500.0
353.62,587.65,59.27,78.35,0.57,37.59,78.87,488.06
76.27,114.44,187.66,1.05,1.11,19.07,35.0,155.12
288.14,420.36,163.75,76.19,2.19,34.8,29.81,330.21
303.36,396.02,196.71,89.33,4.64,17.52,70.69,348.12
212.07,371.59,51.93,43.28,4.33,11.41,61.99,260.82
368.22,507.38,193.94,53.55,8.0,17.04,79.23,397.38
467.18,542.38,86.25,47.7,7.39,16.25,75.41,478.49
462.78,600.0,69.5,38.92,4.26,21.82,66.89,500.0
225.42,265.92,10.07,88.74,3.34,24.65,93.98,284.68
56.62,75.96,10.55,89.39,3.16,27.8,60.02,157.98
492.42,600.0,138.4,33.58,7.74,26.69,28.48,497.77
419.45,600.0,91.59,61.51,0.52,19.47,82.12,500.0
62.33,90.1,45.3,92.69,0.13,11.02,38.89,153.06
460.42,600.0,122.79,96.21,7.96,31.18,78.3,500.0
434.95,600.0,50.57,50.9,4.77,23.85,91.78,500.0
259.42,309.24,115.53,45.28,1.31,20.45,72.26,312.86
295.64,382.06,71.84,27.87,2.36,40.34,64.7,343.81
199.5,274.55,164.71,95.89,9.33,36.14,54.53,252.07
27.38,38.2,164.14,14.28,8.6,40.02,47.33,111.77
167.6,232.58,95.47,57.98,7.1,27.32,46.48,214.87
401.43,600.0,70.16,28.26,4.82,14.58,67.73,500.0
2.32,3.71,72.51,27.9,5.2,34.37,76.35,73.51
166.75,254.38,161.14,40.5,9.75,17.21,70.89,217.17
199.08,262.11,65.64,99.88,9.66,25.44,34.88,250.26
268.7,450.51,41.81,5.5,2.15,12.28,57.05,330.64
459.93,600.0,16.94,57.85,8.11,38.89,79.37,500.0
173.17,290.04,93.34,8.26,1.97,14.41,55.68,219.97
173.48,191.01,96.43,15.45,2.14,41.61,60.25,226.43
368.75,569.9,168.18,43.96,6.76,40.25,77.84,472.74
226.11,256.81,44.25,51.05,4.05,26.26,69.59,279.2
112.3,143.78,76.2,25.88,9.32,36.05,50.7,185.89
226.22,258.27,161.68,31.65,0.89,31.68,87.16,281.81
70.43,107.24,164.72,8.7,5.12,38.11,32.19,163.51
88.19,139.4,76.92,30.32,9.19,25.11,94.66,173.71
249.18,294.07,91.82,96.66,9.04,37.5,28.91,301.22
209.46,286.69,60.66,94.47,1.57,26.19,21.12,255.91
457.42,600.0,186.51,33.49,3.67,42.93,86.75,500.0
181.2,246.13,23.73,57.09,6.19,27.02,38.37,232.84
290.29,343.92,186.75,90.96,1.59,26.19,74.73,339.42
316.13,440.46,136.77,0.62,9.68,37.48,80.83,360.13
6.55,10.64,106.31,81.07,9.15,38.76,84.42,108.58
331.77,381.44,6.53,94.84,1.67,29.41,94.37,374.36
89.02,102.92,95.12,9.13,1.21,16.29,42.05,160.73
480.54,600.0,81.55,16.14,0.85,26.37,73.27,498.98
74.33,130.76,32.24,96.07,9.09,43.88,28.65,163.13
207.31,325.07,131.28,53.75,1.94,36.35,50.51,259.09
42.67,67.22,194.23,1.42,4.16,38.39,83.6,125.55
498.44,600.0,112.44,25.76,4.49,11.15,47.57,497.84
251.1,380.55,142.95,44.99,5.99,26.38,64.33,304.54
297.69,329.57,13.69,69.29,0.72,32.63,57.78,338.53
33.54,51.83,83.53,73.32,2.27,39.05,68.45,103.26
374.98,600.0,23.27,99.54,9.31,11.72,92.97,500.0
104.95,160.45,122.56,28.75,9.08,39.84,24.18,179.23
449.03,600.0,187.7,53.82,7.81,29.19,63.05,500.0
102.57,164.81,132.36,53.33,0.19,16.91,84.73,178.17
95.34,112.92,15.36,40.56,3.27,21.1,56.1,172.28
18.27,31.65,70.93,16.92,6.28,19.87,25.89,62.05
236.03,270.61,110.13,97.75,2.75,28.58,62.04,286.18
282.42,416.23,80.64,85.33,9.1,11.81,44.91,323.49
32.85,39.41,166.73,49.83,6.34,15.55,31.62,112.81
387.76,429.72,162.93,60.32,0.72,38.44,83.68,414.34
226.64,316.27,122.37,22.73,9.09,14.64,59.12,277.81
262.2,342.57,74.69,54.38,9.58,18.17,90.0,313.3
220.38,317.39,51.07,69.5,0.78,25.87,80.45,272.98
200.38,301.38,21.17,51.52,5.32,28.1,71.97,253.72
279.82,316.37,70.98,99.03,3.03,36.73,20.38,322.2
77.62,92.07,82.63,61.13,3.93,25.66,52.09,161.66
90.96,135.63,135.16,37.1,1.8,37.65,34.81,165.43
430.89,577.49,131.63,77.22,5.78,31.64,88.31,478.61
473.06,600.0,14.02,17.05,9.58,13.96,33.09,495.45
186.65,290.55,79.05,38.45,5.03,15.47,41.45,233.26
135.37,229.04,36.36,34.7,0.83,25.3,58.76,194.2
322.0,510.29,31.36,43.18,6.2,23.89,39.75,398.44
204.37,286.31,165.46,78.18,3.4,36.02,35.74,255.19
12.69,19.94,8.38,48.42,8.56,30.33,64.93,96.37
78.08,100.93,83.84,79.4,4.35,23.58,26.67,161.55
357.99,470.54,33.64,57.65,1.93,15.98,24.36,382.08
329.46,544.37,175.87,34.21,1.91,17.94,47.92,434.31
13.55,19.14,111.41,81.0,7.69,30.14,74.05,107.21
110.99,184.11,46.28,23.83,2.66,24.82,61.61,182.22
115.54,193.61,100.49,22.44,7.67,28.02,51.72,186.12
335.95,571.21,146.3,50.45,2.06,15.97,62.43,470.13
9.86,17.16,191.62,26.08,3.22,33.2,47.41,117.76
52.05,72.96,44.09,0.91,4.65,39.84,90.21,147.75
399.96,529.23,177.24,64.83,9.43,19.03,24.12,418.4
89.27,134.58,186.86,51.11,9.32,27.2,70.5,173.49
326.37,443.81,183.28,44.55,2.07,44.14,86.85,370.42
119.09,181.11,127.08,96.7,3.58,21.66,80.29,186.2
49.72,79.25,125.96,57.12,1.49,30.83,33.8,132.14
121.59,192.34,80.64,86.34,5.1,13.16,42.19,180.07
361.13,491.93,150.48,13.95,4.61,31.21,73.78,393.23
427.85,520.61,106.26,56.92,9.01,13.14,26.32,439.16
415.11,581.72,135.49,86.8,9.3,43.57,80.89,482.34
198.59,238.27,85.69,58.31,3.84,35.05,73.92,252.67
334.04,575.58,146.3,71.8,4.92,37.59,74.72,478.17
102.49,137.56,164.89,37.2,8.96,34.64,27.52,171.58
146.57,177.08,29.29,9.24,8.07,30.64,73.83,204.02
448.17,500.97,166.59,45.79,0.04,25.75,70.99,459.93
6.5,10.09,108.06,39.45,3.2,40.04,82.32,110.97
42.75,66.09,168.93,86.71,4.22,43.49,23.12,117.61
103.94,139.12,86.26,24.4,2.3,27.47,21.73,170.99
13.27,15.26,75.81,96.67,2.0,42.6,47.98,111.59
90.72,125.8,183.01,95.81,0.38,30.42,31.16,167.87
291.52,384.18,50.23,24.76,6.43,28.84,61.88,334.51
210.71,331.66,168.84,34.81,2.63,25.91,88.8,264.15
446.34,600.0,96.8,89.56,0.52,17.33,49.36,499.62
408.72,553.91,102.82,96.66,2.31,10.13,83.37,448.26
170.91,214.07,61.69,44.34,8.02,18.45,20.02,217.08
129.71,232.39,114.61,32.1,8.51,27.84,32.64,183.73
189.85,269.16,65.04,52.61,4.83,23.3,22.28,237.94
295.15,466.86,7.85,68.78,4.16,25.7,44.61,347.95
134.03,160.62,54.4,27.35,9.78,44.32,88.11,202.28
312.07,449.36,1.28,73.65,2.01,22.26,27.27,345.08
204.71,229.12,195.67,5.17,2.15,25.83,65.48,251.87
276.02,401.29,193.15,4.93,2.92,14.67,53.86,321.74
218.06,387.02,79.03,38.63,1.73,11.68,90.39,270.86
147.23,201.55,145.67,35.35,3.79,37.14,29.19,195.58
474.23,534.59,69.16,31.56,9.11,29.97,35.9,474.96
381.8,428.26,134.22,49.1,6.15,36.62,22.22,408.54
70.06,96.09,161.09,32.07,4.12,15.25,52.55,160.84
434.23,526.3,189.35,19.23,9.34,30.01,40.84,441.16
243.72,272.07,80.04,30.95,0.48,18.88,85.24,294.84
447.28,600.0,156.66,97.49,2.1,17.98,65.37,500.0
399.93,568.28,53.19,41.11,5.66,10.4,66.06,462.16
212.61,276.91,198.07,44.47,6.16,14.56,59.89,260.74
11.23,19.44,5.15,57.65,0.4,20.82,26.89,74.56
134.34,158.69,120.71,98.33,4.03,14.09,53.38,187.61
270.82,479.11,131.9,24.16,6.49,44.51,94.96,365.7
316.74,418.02,137.61,68.13,6.98,20.8,82.64,359.1
128.94,222.03,24.08,71.6,6.38,14.56,87.01,186.45
69.68,106.05,187.71,60.73,3.21,16.97,81.74,160.91
417.47,600.0,36.24,8.86,0.94,30.57,27.73,500.0
492.2,600.0,124.55,67.69,4.27,12.24,37.06,493.16
262.85,342.19,44.54,6.41,1.29,40.19,20.23,307.84
85.84,152.18,61.44,59.61,9.48,43.65,42.76,171.77
136.15,186.89,109.29,73.96,4.75,18.64,28.15,190.84
9.2,12.6,83.44,21.1,3.17,25.75,55.46,81.47
457.15,600.0,32.05,84.16,7.66,10.77,70.78,500.0
58.88,87.08,34.19,3.04,4.98,32.42,85.59,160.43
288.26,348.19,83.63,84.38,3.1,24.49,76.19,334.33
137.03,203.84,151.46,46.03,8.12,19.45,90.39,194.05
277.09,409.87,179.59,21.76,8.67,17.24,24.04,317.41
325.71,531.99,16.83,13.38,6.73,32.89,20.91,421.66
414.87,600.0,78.62,95.33,0.47,24.57,69.6,500.0
103.21,145.35,20.05,7.27,5.66,16.29,41.7,175.85
5.5,7.21,3.32,19.91,7.63,34.12,39.01,78.77
68.44,87.71,132.34,34.78,1.37,29.78,44.82,154.15
450.01,556.32,120.49,62.02,2.29,40.05,40.23,461.86
436.95,498.27,32.6,54.48,8.82,14.11,58.36,447.68
298.71,400.18,46.76,12.56,0.2,37.5,53.01,340.06
300.26,387.09,4.74,28.97,7.53,33.57,58.43,338.4
332.52,590.72,166.99,23.88,4.74,14.03,70.45,489.89
87.69,130.69,194.94,21.35,4.47,34.32,49.03,168.79
457.21,600.0,27.09,41.11,0.07,25.45,38.85,500.0
209.39,315.4,46.3,70.4,8.19,43.07,32.47,260.48
191.57,229.39,173.68,21.75,3.6,14.96,46.21,239.48
259.46,366.05,185.29,36.67,5.41,32.5,75.64,314.78
23.48,36.13,83.93,39.09,6.77,23.37,76.75,82.03
83.14,119.91,10.12,97.65,7.03,43.49,70.02,171.39
369.02,509.7,7.88,95.47,9.56,21.55,37.55,391.38
41.4,74.34,114.79,80.01,5.31,43.68,64.11,117.64
301.58,517.57,78.58,24.17,4.0,41.55,62.8,407.0
122.67,188.48,5.73,6.8,9.54,19.46,56.32,187.44
194.65,291.69,116.65,31.69,6.42,38.12,61.25,247.68
144.35,221.49,2.26,26.68,2.98,44.85,56.88,200.51
177.84,220.68,157.47,50.59,1.26,18.84,62.41,225.64
359.52,494.92,61.29,77.77,8.43,25.29,73.66,389.62
148.56,167.52,8.05,85.83,3.62,28.21,28.22,195.44
283.2,405.8,117.67,84.49,6.6,20.32,76.22,329.96
238.03,352.31,79.54,35.97,4.71,10.53,30.19,281.11
331.84,417.92,194.76,68.72,1.99,17.7,25.0,365.6
468.41,600.0,108.84,31.28,6.02,19.87,93.21,499.36
366.29,600.0,55.05,6.09,0.61,25.53,91.77,500.0
107.47,172.54,141.89,70.16,4.13,15.99,24.53,178.13
15.59,22.97,54.3,0.98,5.47,40.56,53.24,62.23
131.13,224.1,180.85,40.92,4.36,34.67,33.97,186.61
297.54,354.5,74.94,32.94,7.49,12.98,56.4,337.9
25.71,42.51,109.97,69.34,8.28,32.75,82.26,105.9
248.18,294.69,10.11,76.62,7.71,32.88,91.3,301.02
298.42,494.17,85.22,30.41,0.39,43.47,67.57,381.44
167.12,216.09,166.47,81.16,1.94,10.11,46.54,221.81
385.46,600.0,161.13,29.39,5.37,18.68,65.25,499.95
53.3,93.85,44.86,44.63,9.35,42.47,43.4,141.97
37.57,45.24,45.22,72.7,8.35,42.62,88.24,116.3
364.09,518.42,163.46,69.29,8.43,35.22,85.28,413.83
247.75,442.64,186.08,98.74,3.03,36.8,61.87,322.11
344.2,495.09,19.07,22.52,4.29,13.2,44.36,376.04
217.41,370.58,90.01,66.23,4.71,27.99,42.0,268.64
123.2,186.29,67.49,60.97,1.57,18.11,22.51,181.56
409.55,558.11,174.14,91.51,0.31,16.34,81.19,449.37
399.71,519.64,16.7,15.64,9.47,38.36,53.78,426.86
347.35,431.5,42.23,75.18,2.41,14.73,44.38,375.06
136.07,222.24,150.49,56.83,2.4,26.4,55.33,197.08
295.12,404.48,10.26,27.47,0.83,42.85,81.41,345.6
180.49,263.13,98.51,47.44,9.29,16.5,29.35,224.87
45.79,66.15,88.42,33.38,5.8,44.23,84.32,135.24
458.66,600.0,66.88,57.93,6.67,44.8,87.31,500.0
68.41,116.7,78.91,88.9,9.12,29.45,91.0,157.77
475.12,600.0,105.99,56.93,3.46,15.95,49.81,497.56
223.0,308.93,32.27,63.17,6.22,21.06,36.29,271.88
92.57,155.44,114.4,51.87,0.39,24.86,48.02,168.76
270.95,443.05,161.09,5.12,1.87,20.83,44.97,319.63
436.47,600.0,152.03,23.29,8.31,19.82,33.21,500.0
366.11,600.0,30.78,49.2,7.67,44.03,65.55,500.0
403.28,500.2,29.85,31.02,3.51,15.37,55.75,419.88
329.39,387.52,53.63,18.18,3.77,35.67,84.93,370.77
346.14,587.66,72.21,50.41,5.34,10.01,22.41,481.46
424.6,597.58,81.69,32.28,0.0,30.87,68.29,493.65
124.83,211.33,135.94,25.81,2.41,42.06,77.22,193.15
244.71,422.17,11.34,46.4,2.08,20.08,76.96,300.31
110.6,126.5,6.93,13.33,2.5,16.49,86.46,181.87
493.83,600.0,78.38,92.77,8.06,32.81,74.68,500.0
472.03,600.0,139.43,86.77,2.8,34.94,89.59,500.0
19.71,28.73,38.69,70.76,1.92,34.08,44.95,96.37
352.79,542.8,128.3,10.62,5.04,21.18,57.74,431.24
462.62,600.0,51.97,77.59,8.66,18.83,21.06,497.2
90.29,100.52,177.22,80.8,2.41,43.46,20.52,173.67
283.97,407.16,179.14,76.78,0.79,42.32,38.01,326.61
457.74,600.0,59.46,11.4,3.56,26.01,27.56,496.01
16.97,27.26,46.0,64.39,7.48,39.62,39.52,86.04
348.71,552.63,82.26,83.43,5.51,25.83,33.28,444.91
148.67,177.53,48.11,57.74,8.17,24.85,22.14,193.64
462.2,600.0,134.48,64.64,9.6,15.49,88.2,500.0
485.53,600.0,165.21,45.84,7.93,24.92,20.62,499.17
472.13,600.0,134.62,52.87,6.04,28.81,75.21,500.0
237.11,307.08,164.87,3.44,4.93,10.79,31.41,278.42
431.02,537.7,79.4,63.9,0.4,25.54,88.42,451.39
422.27,600.0,31.26,8.14,9.84,37.35,86.96,500.0
159.55,176.5,147.59,43.5,3.83,33.8,69.04,215.27
414.46,600.0,72.09,29.27,1.52,32.23,70.42,500.0
18.5,29.12,134.25,54.54,6.67,41.83,20.4,107.41
298.13,500.85,54.13,13.34,2.84,10.63,93.87,392.06
115.0,150.22,16.25,69.16,5.86,29.5,85.84,190.79
60.28,66.92,198.52,79.5,5.87,37.56,87.13,156.68
38.48,62.2,31.24,16.34,4.46,28.95,69.44,113.56
348.14,586.24,197.68,10.43,8.36,21.34,45.86,483.17
169.94,275.02,195.46,14.55,2.65,14.77,87.02,222.11
362.38,434.86,158.76,87.71,4.49,41.06,41.86,387.99
32.68,53.18,131.88,52.82,5.38,26.48,62.2,107.57
157.65,258.26,115.56,46.73,6.64,40.73,27.48,205.7
269.75,421.07,173.22,10.67,7.84,30.5,89.15,319.93
395.36,600.0,57.89,64.96,3.95,33.6,30.56,496.6
159.38,269.69,93.54,86.8,6.46,38.15,36.87,209.33
312.95,478.66,123.88,82.82,1.51,33.07,61.86,363.4
442.99,514.76,82.24,62.61,9.33,23.93,77.31,457.34
307.93,443.83,85.5,7.53,3.83,27.98,66.45,344.86
116.48,134.46,66.06,11.24,7.3,38.11,37.41,179.58
12.2,16.9,112.85,4.93,0.2,23.08,20.07,100.86
435.05,600.0,170.11,25.75,2.05,23.58,76.79,500.0
10.63,12.19,40.31,13.57,4.87,13.35,93.89,60.04
437.35,587.88,186.89,26.0,8.78,42.01,80.74,492.4
264.47,311.46,137.82,38.51,5.27,13.19,54.52,312.34
469.53,600.0,164.65,94.3,9.3,32.69,87.78,500.0
399.39,600.0,111.24,61.04,4.84,24.46,50.74,499.22
498.97,574.12,155.9,83.5,4.9,24.2,59.37,498.56
175.36,310.13,3.24,71.04,1.2,33.78,55.78,229.71
383.59,562.27,163.68,11.25,8.03,12.35,53.57,456.83
200.97,263.2,8.03,73.59,2.47,30.78,78.14,254.22
239.94,276.84,177.98,27.51,9.0,37.02,59.51,295.86
313.75,455.08,198.39,63.91,9.11,38.99,43.75,352.39
436.84,600.0,58.81,34.1,9.43,15.97,39.36,497.66
492.04,600.0,42.06,99.77,5.2,41.41,22.83,499.8
384.14,436.06,153.07,26.36,6.77,32.97,63.74,407.82
208.88,240.43,50.61,27.91,7.79,40.86,37.25,260.16
210.68,291.16,173.11,93.07,1.31,26.98,31.11,262.54
368.79,481.9,20.57,2.46,6.01,28.97,69.04,398.96
119.39,150.75,25.19,69.67,0.34,42.17,71.09,188.75
55.24,71.63,195.83,72.53,4.98,41.5,76.41,154.31
177.31,294.77,134.77,83.64,1.55,25.69,57.77,229.28
143.62,251.4,169.38,97.44,1.83,19.6,87.05,201.27
148.15,204.98,64.87,97.56,3.65,23.76,90.23,204.2
116.8,202.57,135.3,6.53,4.32,23.57,80.55,184.66
21.05,27.89,118.85,82.18,6.23,20.04,67.67,106.21
8.94,12.81,120.63,64.63,0.74,19.4,42.78,104.35
493.86,600.0,136.51,64.73,5.04,40.14,93.72,500.0
213.89,331.17,115.07,12.83,1.83,12.45,40.56,261.41
192.16,343.07,85.81,65.02,5.74,33.72,35.2,236.71
339.82,517.36,55.18,98.25,6.37,16.05,53.16,406.21
109.13,147.37,153.72,91.18,5.57,22.06,24.26,177.33
474.98,600.0,45.25,43.91,7.38,12.15,93.39,500.0
393.17,466.32,138.47,3.99,3.36,19.45,64.13,414.39
44.71,76.99,46.67,36.23,7.65,36.89,61.77,127.4
208.79,303.2,125.07,82.64,4.33,40.98,69.18,266.64
439.56,600.0,149.42,70.15,4.84,17.75,57.28,500.0
472.37,600.0,43.74,45.93,6.48,26.22,22.4,497.35
233.7,359.28,11.99,5.51,0.18,26.46,65.92,285.61
306.71,352.79,26.19,42.69,6.54,40.58,73.71,353.31
83.52,131.78,121.2,46.9,6.19,36.7,51.26,163.59
495.58,600.0,169.89,92.86,3.1,27.96,76.8,500.0
115.84,185.31,9.0,64.11,0.86,33.48,37.03,185.47
471.37,600.0,146.83,31.17,0.91,39.66,36.6,500.0
324.82,540.11,68.26,52.53,9.23,10.33,32.11,428.83
303.87,451.78,95.71,6.61,6.89,24.1,47.9,339.46
256.34,375.32,185.77,97.26,1.27,41.75,83.53,311.4
115.33,138.4,66.39,36.01,3.57,35.91,82.09,185.27
88.26,145.0,93.07,47.79,5.92,29.0,48.71,169.22
110.24,142.21,2.74,35.53,8.36,28.54,64.18,179.19
93.22,134.95,16.32,68.25,0.44,22.17,74.06,169.89
389.79,506.34,51.72,66.22,2.37,28.22,38.09,406.23
175.06,208.97,5.57,71.53,8.9,32.94,32.61,227.85
28.92,44.56,126.28,26.81,0.09,24.64,92.91,109.02
484.55,551.44,85.28,31.57,2.01,35.0,66.32,491.2
441.89,600.0,109.63,12.53,9.59,40.14,93.61,500.0
463.88,600.0,34.93,65.55,6.13,15.41,45.33,495.43
497.45,547.25,59.19,3.98,2.62,25.8,72.73,497.21
86.95,126.75,132.76,59.77,0.67,24.28,36.7,163.29
198.12,224.43,193.06,86.97,0.28,34.06,39.59,246.7
379.12,490.32,10.08,89.08,2.45,18.75,58.39,404.4
348.01,555.04,178.08,44.9,8.81,32.41,43.97,447.39
76.95,88.02,115.38,45.93,4.16,40.71,32.57,167.05
407.92,600.0,112.78,7.7,7.2,24.63,39.72,500.0
112.22,123.74,100.06,67.08,9.18,41.89,22.68,182.11
111.91,142.43,13.88,82.13,4.08,44.76,72.83,185.07
268.49,434.58,17.98,24.47,1.91,13.71,56.91,318.13
296.47,391.75,120.18,42.13,5.17,18.16,27.07,333.8
290.04,339.73,68.19,83.88,9.08,43.26,32.88,333.49
45.74,61.85,183.45,87.71,8.04,43.54,27.69,127.2
438.73,565.64,81.32,24.32,0.66,13.42,65.94,462.54
132.8,224.42,28.66,55.06,6.93,10.52,27.07,188.04
64.76,85.44,142.94,19.25,5.72,15.64,76.57,155.85
444.37,600.0,58.67,10.19,9.07,44.86,21.54,498.8
477.83,600.0,105.09,91.11,1.22,16.3,38.7,499.17
431.06,600.0,139.57,82.05,5.34,27.59,86.8,500.0
404.76,600.0,180.05,76.0,8.79,39.69,73.89,500.0
327.62,446.92,158.44,4.88,4.1,10.71,25.47,353.95
275.43,488.85,135.27,84.37,4.82,31.16,81.58,377.17
43.49,50.56,135.93,43.8,0.7,19.7,56.98,122.14
204.23,322.86,189.18,34.24,2.78,40.18,83.51,264.38
186.34,269.39,59.16,54.65,3.25,19.92,65.06,234.27
129.88,178.11,0.22,9.14,9.45,34.04,71.14,191.81
361.71,558.08,54.39,75.66,2.83,33.6,94.51,457.1
247.94,394.89,43.58,58.24,4.61,17.75,37.43,298.6
40.52,44.7,132.37,18.66,6.71,11.22,66.8,112.89
110.09,133.97,126.74,18.82,1.62,24.32,54.52,177.27
341.63,546.31,118.69,18.42,4.86,20.12,22.96,436.91
38.07,59.63,3.25,5.7,7.39,38.31,21.09,105.41
425.6,600.0,145.76,58.78,8.67,38.01,28.94,496.79
247.57,404.22,64.71,84.03,6.26,26.0,68.68,296.98
240.29,424.25,133.01,1.75,6.69,31.23,62.54,296.51
296.2,471.49,111.32,4.9,1.26,31.15,61.51,356.9
412.34,539.6,68.55,57.28,9.46,38.95,22.39,430.92
173.9,204.12,26.92,81.95,1.33,24.88,55.2,224.07
339.01,558.44,18.88,32.67,7.75,19.64,89.35,456.6
282.87,438.7,166.3,34.96,2.65,19.28,49.82,326.64
133.51,151.37,183.68,59.63,9.34,28.77,66.87,194.26
439.31,593.97,129.96,27.42,7.2,25.72,78.49,496.39
398.71,600.0,20.69,2.66,7.54,25.4,78.79,500.0
329.23,477.47,80.41,73.52,2.19,13.19,58.95,362.97
425.29,596.64,145.79,62.56,4.43,35.15,84.35,498.7
433.65,600.0,155.96,58.08,6.18,17.48,49.35,497.28
354.18,441.39,23.64,74.17,7.7,16.89,86.65,381.2
418.51,568.37,0.01,67.52,1.04,24.45,38.02,467.82
348.74,473.89,142.43,20.59,9.62,17.97,41.02,379.56
340.07,386.54,71.32,35.25,8.9,30.44,23.98,368.58
309.31,506.43,50.9,12.61,2.7,23.0,79.67,395.55
376.36,523.72,2.58,12.99,8.23,25.71,51.28,411.9
79.3,132.87,108.06,67.62,5.18,28.8,37.18,166.43
440.44,600.0,170.23,85.86,4.62,17.12,37.38,494.01
435.92,544.2,191.53,96.27,3.14,15.45,87.6,451.51
14.62,22.82,113.15,62.83,5.81,40.81,82.54,108.65
412.91,590.71,102.89,18.41,7.3,25.18,61.51,492.68
64.43,110.58,17.01,10.57,4.11,24.42,66.21,156.89
167.56,209.62,109.77,81.29,6.29,11.25,55.57,212.0
371.75,585.32,76.0,57.88,6.99,27.43,49.37,482.98
80.38,122.61,121.43,61.83,7.11,29.4,88.66,165.94
408.98,534.42,77.75,78.15,0.52,29.56,29.42,426.23
416.07,497.46,48.06,70.33,8.6,34.75,51.38,438.24
253.73,394.85,18.99,83.45,4.58,16.21,45.84,297.5
3.19,5.16,62.98,5.62,2.62,18.83,57.36,58.38
143.52,189.58,19.33,74.75,2.42,38.38,54.32,197.5
308.46,478.54,35.38,85.09,4.83,43.15,58.92,364.55
490.59,600.0,197.47,28.61,8.87,14.76,30.49,498.36
315.91,505.21,88.82,64.04,3.78,27.42,58.49,392.99
129.9,161.01,106.37,31.42,7.5,17.5,38.18,188.15
317.0,546.24,174.72,95.8,0.97,12.1,33.82,433.75
269.99,351.31,199.11,3.34,4.76,21.39,24.86,314.07
389.92,529.3,116.54,57.98,9.92,15.03,77.2,422.77
53.49,61.01,162.49,16.65,7.7,34.85,52.06,145.15
380.51,448.27,65.39,71.22,2.11,28.68,67.0,408.9
270.63,395.42,61.15,17.59,5.01,15.03,74.57,318.15
481.5,600.0,80.54,23.54,2.34,10.32,70.95,500.0
170.94,288.0,134.5,49.44,4.1,38.29,55.29,223.27
316.31,351.2,136.44,91.48,7.8,16.17,49.09,353.03
466.01,600.0,63.05,21.17,7.71,31.22,48.2,500.0
51.25,68.48,26.64,14.42,2.28,21.79,68.0,140.87
468.61,521.82,126.48,75.9,9.22,30.49,57.11,477.15
343.94,408.28,25.67,50.06,5.93,21.05,83.68,379.65
33.92,47.13,115.7,91.18,3.8,13.04,85.6,106.47
150.48,217.45,138.68,14.66,5.02,17.8,32.79,132.69
354.09,489.7,140.12,64.59,6.05,16.58,30.22,375.73
33.68,49.56,150.69,23.29,5.6,24.98,67.28,110.41
291.09,441.46,174.57,15.68,4.86,33.04,42.59,333.6
172.94,191.44,99.99,68.34,5.05,19.23,21.39,220.54
310.46,442.36,146.05,59.37,1.76,10.42,86.65,354.24
22.87,40.58,123.83,75.48,8.13,28.16,37.02,99.85
435.77,600.0,37.33,30.95,5.42,31.2,89.7,500.0
486.74,600.0,5.14,44.8,1.31,43.7,73.81,499.87
484.44,600.0,56.91,40.55,7.66,30.63,77.2,500.0
374.83,600.0,88.61,98.41,9.32,26.49,35.11,499.41
65.04,106.74,123.42,29.22,9.47,30.07,37.56,159.42
379.13,555.39,169.99,29.48,3.69,42.48,59.1,453.11
12.29,21.92,39.25,35.45,1.36,38.99,32.91,54.41
11.06,13.14,25.11,56.46,5.18,21.3,42.91,76.9
161.81,179.91,192.7,25.23,1.13,18.3,44.11,209.52
244.32,400.47,21.61,91.53,9.34,19.19,31.97,287.78
385.2,600.0,95.7,26.57,1.84,27.65,35.39,499.62
341.65,404.56,117.11,89.58,2.53,36.04,79.14,374.54
222.95,286.69,108.27,10.35,4.07,27.61,32.54,274.68
136.81,152.18,17.21,65.66,3.83,12.37,22.13,187.9
498.56,600.0,11.41,90.7,7.95,35.33,67.2,500.0
213.09,349.72,21.1,16.87,4.56,38.21,93.2,268.13
225.69,330.09,117.12,96.83,1.71,20.13,44.84,274.94
81.81,109.93,108.87,45.29,2.67,33.24,28.9,164.24
397.4,540.56,46.75,94.57,5.09,24.93,62.78,433.56
346.84,381.85,127.55,67.68,1.47,41.12,87.98,382.98
110.38,144.59,164.01,30.16,6.12,39.58,78.8,185.39
41.19,63.95,8.32,18.83,5.66,28.39,66.69,114.87
340.25,600.0,99.63,30.37,7.15,34.2,43.63,497.72
327.26,554.02,137.86,9.3,9.38,40.92,60.64,454.28
136.63,152.55,50.46,14.39,9.12,27.35,26.84,192.74
475.43,600.0,61.55,10.47,9.46,20.96,70.92,500.0
75.53,124.49,122.73,42.29,2.45,36.38,74.38,169.65
216.17,355.87,179.59,79.56,1.32,17.7,92.38,268.55
471.81,600.0,161.98,14.14,3.02,23.6,39.53,500.0
209.86,289.32,116.63,13.03,8.95,40.3,21.38,259.7
319.26,418.89,146.04,64.34,9.72,35.35,60.92,355.93
198.8,227.82,72.96,19.72,8.59,24.13,73.01,255.65
137.11,172.72,128.19,9.76,1.1,17.52,79.28,197.42
491.99,600.0,93.24,16.68,9.47,22.46,34.53,497.77
204.67,294.49,37.99,92.37,4.23,19.94,39.63,254.7
447.05,600.0,140.35,82.15,0.09,16.16,58.44,498.51
114.98,164.61,111.29,35.41,4.42,36.02,44.8,184.91
106.55,121.52,71.72,65.58,0.46,18.82,84.54,173.91
15.57,27.56,182.27,53.73,5.44,25.9,55.53,114.51
325.83,573.44,4.19,67.71,3.39,23.51,79.97,475.01
184.26,303.97,63.15,68.27,4.73,44.37,63.55,238.1
432.18,600.0,11.38,62.87,6.13,23.69,77.98,500.0
236.6,350.44,153.31,26.61,8.69,12.8,44.95,280.63
484.1,600.0,140.42,3.9,6.62,13.14,82.36,500.0
92.76,106.95,66.27,45.56,4.34,30.68,40.59,173.13
434.31,588.92,135.13,89.1,8.19,30.98,60.96,488.89
388.3,488.39,79.19,56.95,9.06,24.66,36.05,408.45
385.46,476.85,151.25,83.24,1.2,25.11,55.66,411.8
422.39,506.26,90.84,99.16,5.32,11.89,43.86,440.48
380.51,584.35,82.46,16.36,2.85,28.08,40.0,484.05
313.11,515.67,186.95,69.18,0.47,27.67,92.52,414.19
65.62,98.75,50.18,67.43,6.69,15.23,32.01,150.66
16.26,19.56,24.09,98.0,8.63,13.63,79.05,110.04
460.42,600.0,116.91,98.56,1.63,14.33,93.81,499.81
308.33,476.41,193.86,68.67,8.12,13.54,21.49,356.0
398.27,546.31,75.57,24.36,8.53,31.34,72.43,442.58
240.76,378.45,12.41,79.86,9.14,16.88,38.97,287.75
58.65,75.19,67.86,10.7,2.65,18.8,23.04,151.03
62.59,83.98,101.19,78.07,9.04,16.08,50.22,156.43
342.78,597.21,32.38,91.02,3.21,43.52,90.14,499.81
215.15,280.42,131.62,38.28,5.52,39.91,20.88,262.9
100.26,143.27,199.55,63.06,0.51,18.07,64.09,176.53
245.8,423.53,90.35,43.01,0.44,21.46,57.6,298.39
32.1,51.22,70.95,43.78,7.2,17.35,85.5,93.48
290.99,332.75,80.14,31.04,4.44,27.22,26.3,333.8
134.5,161.81,23.03,76.21,2.56,10.69,71.11,188.53
398.78,440.85,176.65,93.62,1.9,33.5,71.01,421.89
155.18,239.23,82.97,94.08,6.7,28.31,70.18,208.98
227.61,321.7,77.45,17.48,0.0,41.45,90.68,282.52
5.81,6.94,131.94,87.47,8.06,15.75,81.73,110.6
36.22,64.14,88.41,73.74,0.79,38.14,23.15,100.65
196.25,288.63,129.65,25.28,1.91,37.72,55.33,252.3
239.97,304.6,12.29,6.73,3.86,14.45,49.85,287.75
300.01,435.14,162.74,26.8,4.85,23.95,43.26,341.34
145.83,229.79,188.1,91.22,3.55,15.96,53.85,198.53
347.49,400.78,129.75,63.32,3.21,18.92,48.81,375.76
430.06,555.76,190.91,72.11,9.64,19.21,52.43,443.94
389.93,600.0,30.29,25.72,6.42,29.47,93.44,500.0
19.81,28.16,95.48,71.94,0.23,24.4,26.65,93.91
240.25,356.2,120.36,2.81,4.3,43.17,89.17,297.98
52.47,73.61,116.35,37.53,8.75,14.42,56.02,141.22
121.02,136.84,80.29,62.68,3.01,44.08,66.78,188.3
493.33,599.9,67.62,14.61,0.95,18.07,82.26,500.0
71.25,100.59,25.36,82.3,7.58,37.05,47.03,156.96
249.44,310.91,78.35,23.5,6.06,21.86,52.28,300.65
309.08,350.8,32.53,65.23,5.7,15.01,50.71,344.86
351.23,593.78,146.87,40.52,0.54,40.03,48.1,494.15
279.82,500.0,41.77,59.6,1.4,20.81,89.41,388.81
4.89,8.09,11.71,10.75,6.23,33.06,82.17,70.67
163.23,277.11,110.47,1.69,2.08,29.83,28.17,213.59
258.86,328.59,119.05,90.96,5.04,26.51,28.11,309.18
43.93,77.87,174.38,26.96,5.45,27.35,52.09,123.5
175.31,217.01,115.4,81.97,2.84,35.63,27.4,225.18
16.6,29.32,69.1,99.94,9.48,13.07,66.43,109.15
39.29,70.58,160.6,21.14,8.42,33.39,30.78,112.9
198.46,317.18,108.06,26.52,7.22,41.35,59.18,257.29
66.36,118.57,15.86,66.29,0.78,12.02,20.54,150.76
283.77,425.28,113.17,96.54,1.06,14.92,43.74,324.46
344.73,441.84,181.6,91.58,4.93,35.08,70.79,378.35
400.29,562.77,79.26,50.29,1.61,25.3,56.3,457.12
100.08,151.66,59.27,79.51,9.78,24.12,93.37,171.36
83.74,96.4,28.69,13.57,1.59,14.79,85.56,168.62
52.28,80.29,30.29,97.74,4.87,27.74,46.93,140.32
318.22,568.59,86.55,96.44,3.64,14.43,23.41,456.02
353.24,435.57,119.14,16.37,6.39,26.68,83.42,388.42
15.79,26.13,16.12,29.94,1.29,36.73,88.34,61.65
468.11,600.0,187.91,10.02,4.3,19.04,81.55,500.0
25.99,45.75,151.03,27.17,2.75,26.83,29.6,112.36
270.65,479.61,117.32,81.6,8.88,44.72,94.84,367.02
354.53,519.39,165.69,37.83,0.41,34.03,39.39,404.8
435.48,600.0,16.04,8.84,9.14,39.45,74.32,500.0
357.04,582.02,95.37,34.22,8.33,24.52,88.1,486.17
400.86,486.32,126.02,98.14,2.98,36.88,37.68,417.54
169.73,243.36,165.73,62.97,7.89,11.42,88.12,222.85
407.41,600.0,156.69,41.62,0.31,14.3,43.21,499.17
40.06,51.0,55.41,16.65,9.67,17.11,93.23,110.21
447.41,600.0,188.18,98.62,5.27,24.07,41.09,500.0
273.8,428.93,24.87,82.08,3.03,39.6,91.51,328.11
408.65,496.05,175.03,28.15,3.63,22.12,24.02,423.33
226.16,338.23,194.19,7.01,0.66,32.91,73.2,282.61
321.79,527.78,35.43,5.66,9.89,34.83,59.91,423.18
263.2,381.44,144.41,12.04,0.39,30.52,55.84,312.8
365.79,405.47,8.06,58.08,6.55,22.5,36.76,390.13
40.81,45.15,81.08,92.88,4.43,30.2,72.92,114.73
30.18,40.74,103.26,49.67,9.49,21.98,34.31,99.31
123.55,216.01,116.13,84.29,2.46,12.94,61.46,186.9
79.77,100.52,187.19,44.59,5.32,44.75,38.99,164.58
435.89,600.0,134.45,70.86,4.82,14.45,91.67,497.09
109.61,137.61,96.26,73.19,7.03,12.53,22.15,177.45
487.93,600.0,161.94,17.4,0.68,40.75,34.98,500.0
168.45,285.29,190.11,36.12,1.94,20.56,38.17,215.99
91.06,146.62,4.41,63.73,2.15,32.76,51.06,172.77
394.85,460.7,196.5,7.07,7.38,21.52,37.45,418.17
329.35,461.13,17.23,36.15,1.89,23.7,56.85,357.38
249.1,279.09,162.88,53.48,5.73,19.17,85.43,302.46
277.68,398.92,56.07,99.62,2.15,22.01,73.4,321.0
359.6,562.31,26.44,47.45,8.62,24.37,63.5,459.64
114.23,135.13,87.97,81.61,9.42,35.21,26.68,180.84
498.17,600.0,128.79,43.21,5.18,27.9,72.05,500.0
487.4,600.0,76.19,79.64,3.52,43.02,32.48,499.7
325.16,566.98,10.91,59.54,2.34,11.47,78.98,458.63
99.77,179.12,119.89,88.66,0.5,27.61,38.75,172.0
340.11,384.82,180.48,41.09,2.69,30.45,51.28,374.44
36.1,58.94,76.64,60.43,6.54,42.21,46.29,107.22
15.33,20.85,43.27,63.0,5.34,11.72,84.41,83.45
128.84,177.12,88.52,41.74,9.44,30.07,29.49,190.15
231.31,376.57,9.67,14.43,3.96,39.88,62.42,282.94
434.14,600.0,164.1,9.36,6.94,18.47,30.65,497.99
363.58,600.0,165.27,1.67,4.89,40.67,72.86,500.0
371.35,558.51,117.6,87.35,5.13,10.67,87.88,454.91
212.75,287.2,70.62,23.65,2.68,35.64,52.6,266.77
172.97,285.62,159.96,21.15,4.55,42.66,56.61,223.51
185.52,236.67,110.94,73.6,4.71,33.0,89.56,239.16
493.82,600.0,165.19,32.0,7.07,25.37,59.07,500.0
20.05,27.09,126.29,50.6,9.41,11.57,56.57,110.43
433.52,600.0,156.88,16.25,3.29,42.2,63.37,500.0
289.34,366.96,119.71,95.97,0.42,26.46,71.69,339.47
219.31,270.65,82.83,85.16,4.96,11.01,28.02,269.9
362.63,600.0,191.59,86.38,5.44,34.14,81.58,500.0
243.33,285.01,108.22,40.68,1.68,26.86,52.66,292.8
436.71,600.0,121.02,76.24,7.6,14.35,25.43,494.22
450.35,565.01,44.1,14.39,9.85,17.5,78.96,462.0
210.86,237.69,125.13,0.86,9.46,12.26,48.27,255.22
138.41,155.75,114.32,2.0,1.97,30.1,27.53,192.14
296.18,362.12,36.97,58.66,8.75,31.77,67.53,343.94
456.18,600.0,11.92,45.54,7.04,27.7,86.01,500.0
105.33,136.69,120.87,51.8,4.54,38.6,86.58,181.83
311.48,549.87,152.74,0.75,5.41,40.14,91.82,445.19
315.78,475.92,104.68,42.27,8.5,31.55,85.08,364.33
366.56,515.24,45.35,71.81,4.8,10.45,20.16,399.11
65.78,99.07,133.3,44.27,3.73,34.33,48.52,157.72
357.91,523.16,16.02,73.22,4.93,24.63,81.39,415.16
454.52,600.0,88.37,23.3,5.79,29.79,47.47,499.73
89.84,116.59,32.67,81.31,1.89,32.72,65.12,172.66
118.77,160.0,36.89,58.84,9.01,22.26,65.47,184.73
485.7,600.0,40.46,21.08,6.74,42.1,47.38,500.0
90.49,159.49,77.34,23.67,6.33,14.69,87.84,171.84
427.19,600.0,10.23,62.8,0.99,33.5,57.74,500.0
246.14,343.02,79.56,82.99,6.04,10.15,54.86,295.73
123.62,203.5,102.34,41.56,1.21,42.36,94.81,193.74
435.37,600.0,96.66,25.83,0.79,13.94,57.01,500.0
222.65,322.46,76.56,86.7,5.27,13.32,33.38,270.14
257.41,320.03,167.83,66.93,4.03,21.66,58.48,310.12
179.62,271.9,29.07,44.81,5.89,23.07,81.05,234.19
296.48,364.75,101.14,48.79,0.89,17.5,78.26,334.77
81.76,108.91,12.41,20.43,4.31,30.48,79.14,171.56
195.54,332.13,14.23,62.68,1.75,25.5,73.1,248.36
484.71,600.0,114.77,35.87,9.87,11.2,39.07,496.71
129.07,148.4,113.2,99.56,5.61,21.19,84.66,192.58
328.37,377.07,175.61,48.02,6.87,38.37,87.01,367.95
162.6,285.93,111.57,48.59,3.25,34.14,34.56,213.38
386.74,562.64,191.96,56.59,0.95,35.37,29.78,455.57
65.44,90.73,9.74,91.68,9.76,34.43,93.17,165.05
484.91,600.0,19.6,80.08,2.86,20.88,85.12,500.0
226.89,382.34,8.81,45.11,4.24,13.49,86.99,277.72
118.03,157.27,37.06,71.87,6.5,19.54,86.48,183.8
36.75,58.27,108.25,58.62,0.25,39.11,60.63,107.93
84.88,139.18,129.11,49.24,8.1,44.32,68.48,171.38
259.89,404.97,9.12,19.23,5.37,27.28,60.9,310.89
168.5,203.23,189.19,46.39,2.78,10.34,23.84,211.46
414.44,600.0,168.43,24.58,0.62,14.9,75.91,497.07
215.44,318.29,59.32,91.48,1.62,21.27,57.9,267.15
124.36,161.38,15.44,33.54,8.95,30.25,68.58,192.91
308.57,431.28,33.98,95.23,6.86,12.63,57.7,343.67
353.39,398.02,25.39,53.31,2.5,43.02,56.89,390.43
83.52,99.35,24.66,63.15,0.66,22.78,32.88,164.13
83.81,137.1,103.71,54.29,6.91,41.94,40.9,167.23
18.34,20.17,49.17,12.94,5.72,37.32,31.91,63.16
368.2,512.39,71.63,37.58,4.05,36.44,34.67,397.09
331.9,486.49,197.9,9.91,3.64,31.24,92.97,378.62
237.32,270.12,136.86,62.3,2.17,31.94,31.48,284.28
422.09,600.0,189.8,44.69,6.7,32.33,40.2,498.17
402.84,506.88,28.51,77.8,9.71,32.01,64.29,427.46
292.68,384.27,76.43,22.05,1.76,29.38,65.76,332.17
434.14,569.92,110.95,16.46,5.97,44.52,31.55,463.06
102.92,129.81,15.35,40.63,4.24,35.63,79.53,179.99
55.96,61.61,0.84,92.66,4.47,37.19,78.89,156.69
134.87,217.22,134.09,71.04,2.54,40.54,37.8,194.31
28.54,50.72,128.36,41.89,8.25,17.55,41.65,103.47
265.58,333.84,82.16,51.73,4.85,12.93,90.35,321.58
468.3,600.0,97.93,8.42,5.43,26.9,81.93,500.0
19.67,31.86,83.09,98.46,3.05,27.99,72.33,113.2
61.05,103.42,4.8,66.64,1.82,39.02,26.17,151.6
226.1,315.6,67.07,28.54,0.86,25.53,51.37,276.45
466.94,600.0,35.42,58.58,7.14,29.98,61.95,500.0
158.08,209.88,19.68,10.95,1.96,28.45,34.06,210.44
253.62,405.49,191.34,96.58,6.9,11.34,53.62,298.08
20.79,34.75,119.87,17.48,3.9,31.53,65.08,106.44
74.17,91.02,145.73,64.8,4.16,38.98,44.55,163.31
493.32,600.0,63.07,24.55,4.69,15.51,78.57,500.0
482.56,600.0,78.63,71.76,3.68,30.8,83.03,500.0
2.47,4.11,47.38,77.68,1.01,30.78,44.27,103.41
475.91,600.0,19.39,67.34,3.1,15.75,82.9,499.88
319.56,520.24,35.81,61.45,6.64,14.32,27.77,409.37
433.96,596.8,159.5,89.25,6.66,44.3,82.83,500.0
227.37,344.11,135.51,7.86,2.86,23.78,31.46,271.78
257.8,402.86,109.39,33.09,4.6,17.96,26.22,300.7
244.42,282.29,95.02,24.83,1.93,16.0,68.13,291.92
333.43,493.86,184.49,98.8,2.1,33.37,55.4,382.8
69.83,111.48,14.55,38.94,0.23,31.33,88.09,159.94
14.99,18.24,56.12,73.26,8.97,32.52,47.24,97.84
153.96,253.49,69.99,68.47,2.11,13.08,41.54,202.94
352.34,531.56,156.49,21.21,2.28,41.27,57.56,425.2
100.93,178.29,198.5,23.9,2.8,23.62,54.2,175.32
336.72,380.39,48.13,28.13,1.27,20.97,45.83,366.08
484.96,600.0,174.86,41.11,6.39,26.18,72.03,500.0
46.95,71.42,166.12,23.43,0.75,23.65,76.97,130.16
336.3,439.74,44.93,1.97,1.34,40.23,83.97,374.3
221.88,355.02,79.87,87.94,6.45,42.52,92.96,279.25
434.07,600.0,81.93,96.56,3.4,20.62,40.0,498.6
88.57,103.79,195.64,34.16,7.08,40.24,73.71,172.79
346.31,505.51,36.18,33.85,5.57,37.35,49.57,392.49
419.06,600.0,159.83,0.71,2.56,42.58,70.78,500.0
472.31,600.0,66.84,68.03,6.51,18.6,55.7,499.62
341.62,598.88,146.17,82.54,1.16,30.19,94.53,500.0
248.59,417.44,84.0,14.66,5.36,19.61,74.67,298.71
308.92,490.59,115.67,15.97,4.37,38.84,91.44,382.77
434.45,600.0,166.52,79.01,2.68,10.19,82.62,497.85
285.3,406.05,160.83,61.63,6.04,29.77,87.72,336.14
15.19,26.51,173.28,4.49,8.71,21.87,81.08,120.49
465.47,600.0,11.92,62.25,9.99,21.29,54.44,496.77
344.76,555.17,138.41,30.89,6.08,32.57,38.88,452.44
338.26,576.11,28.0,36.87,4.05,39.8,47.77,474.48
107.84,139.31,83.16,76.97,2.25,31.32,21.52,177.17
329.44,548.51,109.72,81.09,2.57,39.86,59.3,443.36
196.93,243.54,80.55,40.04,4.79,19.26,57.88,249.25
325.62,436.89,103.92,94.72,3.67,28.18,59.39,363.34
53.3,71.15,199.31,40.65,9.14,25.77,93.05,147.21
328.92,587.12,27.04,77.18,3.68,10.41,88.36,484.08
499.71,600.0,135.09,48.39,3.73,29.49,32.13,495.24
24.11,38.35,79.2,89.75,3.84,33.15,47.67,108.64
488.59,600.0,26.6,90.78,8.37,30.72,51.8,500.0
203.45,303.85,31.75,8.74,6.51,35.77,47.04,256.42
435.38,600.0,189.85,93.65,6.14,30.0,79.89,500.0
391.19,566.2,175.92,82.55,3.34,12.34,59.3,457.71
283.51,387.37,181.41,79.13,8.18,14.08,62.91,325.27
369.22,448.28,198.31,20.09,0.38,30.88,83.98,402.85
439.26,600.0,41.66,80.51,8.71,19.62,80.44,500.0
202.07,326.16,71.09,85.01,5.13,12.79,29.92,248.62
163.52,223.86,133.84,28.92,3.98,25.04,73.54,213.57
333.8,373.06,96.76,95.23,4.97,29.4,52.66,369.2
403.92,600.0,83.68,4.99,6.67,21.51,42.1,497.54
381.14,422.3,71.56,14.99,0.13,35.22,23.75,406.72
398.91,600.0,118.76,53.76,8.72,32.53,56.54,500.0
217.79,387.49,115.12,57.58,4.47,21.65,46.66,265.61
408.92,575.09,32.29,64.52,3.43,36.42,38.86,471.95
60.1,76.0,94.35,1.7,1.38,32.7,72.1,155.37
272.24,433.8,110.69,96.04,4.39,32.31,77.71,318.66
2.88,4.81,114.06,4.46,4.96,29.37,38.36,100.82
162.29,240.6,42.02,14.31,4.04,10.4,23.71,208.36
183.23,325.59,148.45,1.4,6.79,34.38,83.66,239.02
198.09,225.06,5.04,56.69,4.21,23.16,20.75,245.33
347.73,505.38,70.97,93.23,9.61,42.99,90.28,398.38
194.28,311.41,156.04,66.59,5.99,38.63,67.07,250.47
224.35,382.25,112.78,82.27,8.07,30.57,44.14,274.59
118.77,145.55,52.23,1.33,1.09,18.83,38.49,183.35
186.63,309.8,138.99,54.2,3.97,17.13,20.68,228.25
113.63,168.96,113.48,45.96,3.37,21.91,37.66,169.51
36.6,50.42,159.25,49.9,5.69,26.68,30.33,111.01
301.72,359.72,147.01,7.22,8.61,20.36,65.91,339.19
334.11,569.89,122.02,68.44,0.78,28.02,32.49,463.93
309.75,374.82,97.64,50.32,0.73,15.79,59.65,347.08
231.75,305.18,26.64,76.51,8.5,44.22,64.26,289.79
189.89,247.44,52.27,48.53,2.13,13.78,42.35,238.59
431.67,600.0,83.82,14.94,6.69,42.62,22.63,500.0
